variant_id,卡名,collector_number,tcg,最佳板位,板,C1_白角,C2_係咪嗰張卡,C3_走位白邊,原生透明圓角,畫布,白角三角白佔,邊緣斜率px,內環白佔,原因,圖檔路徑
1,Pikachu with Grey Felt Hat,085/SVP,pokemon,1,ptcg100#1/tcg300#1,pass,pass,suspect,是,438x610,0.0,0.0,0.3603,白邊（內環白佔 36%）；畫布 438x610（非 429x600 標準）,apps/web/public/market-assets/e873cb6aca614ae5bfd90db888def01fbc3c03f16936fe4a4074ef0f51501c94.webp
8,Monkey.D.Luffy L,EB02-010,one-piece,1,op100#1/tcg300#1,pass,fail,pass,是,429x600,0.0,0.0,0.0316,唔係卡面：影住一包未開封嘅卡包（EB02-010 換圖任務進行中）,apps/web/public/market-assets/b7e4d2e14b0580b6b16cad3aee7d8f7f72f4cfbf7c2229a26b67e8f0a3b72812.webp
2,Pikachu,227/S-P,pokemon,2,ptcg100#2/tcg300#2,fail,pass,pass,否,632x895,0.3592,0.0,0.0826,淺色方角 1/4（圓弧外係淺灰背景）；畫布 632x895（非 429x600 標準）,apps/web/public/market-assets/7dc476c6285ce9d6b5350e4fc0e1b671657167eb96c3604955df98f89e4f27d3.webp
22,Monkey.D.Luffy SEC-SP Booster Pack Awakening Of The New Era,OP05-119,one-piece,2,op100#2/tcg300#2,pass,pass,pass,否,436x610,0.0,0.0,0.0005,三項都過；畫布 436x610（非 429x600 標準）,apps/web/public/market-assets/f568cff8e87c5e66b7af261667e462148545cafabeb0eed17d2d4ebd0ae2a11d.webp
4,Pikachu Munch,288/SM-P,pokemon,3,ptcg100#3/tcg300#3,pass,pass,suspect,是,432x609,0.2806,0.0,0.4638,白邊（內環白佔 46%）；畫布 432x609（非 429x600 標準）,apps/web/public/market-assets/7d2acde5e8fa2bc9b1f470596076f483f5c06a3dbc1d0e3d8fff162d074c0b99.webp
19,Monkey D Luffy,ST01-012,one-piece,3,op100#3/tcg300#3,無圖可QC,無圖可QC,無圖可QC,,,,,,磁碟上冇對應圖檔，無法檢查,
9,Poncho,208/XY-P,pokemon,4,ptcg100#4/tcg300#4,fail,pass,pass,否,716x996,0.9774,0.0,0.0029,白角 4/4（圓弧外係實心白背景）；畫布 716x996（非 429x600 標準）,apps/web/public/market-assets/69bbbdbc9438145f9dbf07bfec17c0a5abb0a52c67b6e0252dcd693a7c5ba6e4.webp
24,Monkey D. Luffy,OP05-119,one-piece,4,op100#4/tcg300#4,無圖可QC,無圖可QC,無圖可QC,,,,,,磁碟上冇對應圖檔，無法檢查,
7,Poncho,207/XY-P,pokemon,5,ptcg100#5/tcg300#5,fail,pass,pass,否,716x996,0.9802,0.0,0.0025,白角 4/4（圓弧外係實心白背景）；畫布 716x996（非 429x600 標準）,apps/web/public/market-assets/9bf6546838954b6eb390034b128d7029383d019b013cb81f413ddc26c1b2599e.webp
36,Monkey.D.Luffy SEC-SPC 3th Anniversary Special Card Booster Pack A Fist of Divine Speed,OP05-119,one-piece,5,op100#5/tcg300#5,pass,pass,fail,是,431x608,0.3237,3.0,0.6959,歪斜（卡面邊緣斜 3px）；白邊（內環白佔 70%）；畫布 431x608（非 429x600 標準）,apps/web/public/market-assets/0835b5571e97ed6a63faf4b1de616a1e28d4fcef20dba6996e8fe4d3f10652bf.webp
5,Mega Charizard X ex,110/080,pokemon,6,ptcg100#6/tcg300#6,pass,pass,pass,否,705x1000,0.3644,0.0,0.0014,三項都過；畫布 705x1000（非 429x600 標準）,apps/web/public/market-assets/72decda8f255e2c447833b1f9da52fc3afe6a2daf4dfea4a4eccfdc737c1fe97.webp
43,Monkey D. Luffy,OP05-119,one-piece,6,op100#6/tcg300#6,無圖可QC,無圖可QC,無圖可QC,,,,,,磁碟上冇對應圖檔，無法檢查,
6,Umbreon ex,217/187,pokemon,7,ptcg100#7/tcg300#7,fail,未檢查,pass,否,670x933,0.047,0.0,0.0022,淺色方角 2/4（圓弧外係淺灰背景）；畫布 670x933（非 429x600 標準）,apps/web/public/market-assets/a4406984eb0c63f022e9c86026e506294ce6bd080e43824f6d8b20964c22af37.webp
56,Monkey.D.Luffy SEC-SP Extra Booster Anime 25th Collection,EB02-061,one-piece,7,op100#7/tcg300#7,pass,pass,pass,是,429x600,0.0,0.0,0.0,三項都過,apps/web/public/market-assets/d225f889a37d2543b3a80e348f504119fb7710781320b20ac7d69b80ceecc511.webp
13,Poncho,230/XY-P,pokemon,8,ptcg100#8/tcg300#8,fail,pass,pass,否,716x996,0.9802,0.0,0.0037,白角 4/4（圓弧外係實心白背景）；畫布 716x996（非 429x600 標準）,apps/web/public/market-assets/45057a27dd489a9b630cbdcffa0b627fccf170eb93eac271a9811456ef834f94.webp
60,Roronoa Zoro,OP06-118,one-piece,8,op100#8/tcg300#8,無圖可QC,無圖可QC,無圖可QC,,,,,,磁碟上冇對應圖檔，無法檢查,
10,Luigi Pikachu,296/XY-P,pokemon,9,ptcg100#9/tcg300#9,fail,pass,pass,否,716x996,0.9689,0.0,0.0028,白角 4/4（圓弧外係實心白背景）；畫布 716x996（非 429x600 標準）,apps/web/public/market-assets/cc5bbbe7b5cee6912faea4612985dad67220dd44c8a1f9b73d4e858fcdbbdcc3.webp
63,Monkey D. Luffy,EB02-061,one-piece,9,op100#9/tcg300#9,無圖可QC,無圖可QC,無圖可QC,,,,,,磁碟上冇對應圖檔，無法檢查,
11,Charizard EX,276/XY-P,pokemon,10,ptcg100#10/tcg300#10,fail,pass,pass,否,716x998,0.9944,0.0,0.0143,白角 4/4（圓弧外係實心白背景）；畫布 716x998（非 429x600 標準）,apps/web/public/market-assets/ff4ca4de89f3fcadee767648f7555cf9f054c837b1c74136fa5ddbac5cbf11a2.webp
69,Monkey D. Luffy,OP13-118,one-piece,10,op100#10/tcg300#10,無圖可QC,無圖可QC,無圖可QC,,,,,,磁碟上冇對應圖檔，無法檢查,
12,Poncho,231/XY-P,pokemon,11,ptcg100#11/tcg300#11,fail,pass,pass,否,716x996,0.9802,0.0,0.0032,白角 4/4（圓弧外係實心白背景）；畫布 716x996（非 429x600 標準）,apps/web/public/market-assets/3673771fd2eb6e456191440d8aa3f9be8caafbf3380d4516d158796531771fad.webp
72,Monkey D. Luffy,OP05-119,one-piece,11,op100#11/tcg300#11,無圖可QC,無圖可QC,無圖可QC,,,,,,磁碟上冇對應圖檔，無法檢查,
21,Team Skull Pikachu,013/SM-P,pokemon,12,ptcg100#12/tcg300#12,pass,未檢查,pass,是,430x610,0.0,0.0,0.0019,三項都過；畫布 430x610（非 429x600 標準）,apps/web/public/market-assets/901bffe63af4a9810979eb715dc4859183ce4625865c9535bccbfae7979aeae9.webp
64,Roronoa Zoro SEC-SP Booster Pack Wings Of The Captain,OP06-118,one-piece,12,op100#12/tcg300#12,pass,pass,pass,否,436x610,0.0072,0.0,0.0053,三項都過；畫布 436x610（非 429x600 標準）,apps/web/public/market-assets/014e98692c02e0d4e82b4d6853b554c9ca5c43c532cda8d64e479f5890dfcf85.webp
15,Giratina V,111/100,pokemon,13,ptcg100#13/tcg300#13,fail,pass,pass,否,640x903,0.4437,0.0,0.0032,淺色方角 1/4（圓弧外係淺灰背景）；畫布 640x903（非 429x600 標準）,apps/web/public/market-assets/3486d5c09ca67bc5ca425cc8abb2fa6738fe6715073bb5224ab41e0bf2201962.webp
78,Nami,OP01-016,one-piece,13,op100#13/tcg300#13,無圖可QC,無圖可QC,無圖可QC,,,,,,磁碟上冇對應圖檔，無法檢查,
16,Mimikyu,289/SM-P,pokemon,14,ptcg100#14/tcg300#14,fail,pass,pass,否,715x994,1.0,0.0,0.0867,白角 4/4（圓弧外係實心白背景）；畫布 715x994（非 429x600 標準）,apps/web/public/market-assets/16dc4f22e0567d43bdcca0b4b61abf3629ee1ae88a543e5839af4fdba7a46434.webp
71,Nami R-SP Premium Booster One Piece Card The Best,OP01-016,one-piece,14,op100#14/tcg300#14,pass,pass,fail,否,436x610,0.1367,2.0,0.2632,歪斜（卡面邊緣斜 2px）；白邊（內環白佔 26%）；畫布 436x610（非 429x600 標準）,apps/web/public/market-assets/042e5b03dc11936b17da440b397d26b1b3a9d7499b9ee8e62750add31c55ab9c.webp
17,Charizard ex,201/165,pokemon,15,ptcg100#15/tcg300#15,pass,pass,pass,否,640x904,0.3944,0.0,0.0021,三項都過；畫布 640x904（非 429x600 標準）,apps/web/public/market-assets/841518ea83ed6930cbf5c467972909bd7bf8f89fa8712d9f980e36069dd723f2.webp
80,Gol D. Roger SEC-GSP,OP09-118,one-piece,15,op100#15/tcg300#15,pass,pass,fail,否,436x610,0.2878,3.0,0.187,歪斜（卡面邊緣斜 3px）；白邊（內環白佔 19%）；畫布 436x610（非 429x600 標準）,apps/web/public/market-assets/1540ba99065b8f575a915416f88d9e2159b25e0df05913cb79a393707ab0cd0b.webp
18,Charizard,001/025,pokemon,16,ptcg100#16/tcg300#16,fail,pass,pass,否,500x698,0.663,0.0,0.0051,白角 2/4（圓弧外係實心白背景）；畫布 500x698（非 429x600 標準）,apps/web/public/market-assets/db6912febb94b1610dc4ba0719fec3985148a61cd97da42de67d356877f8dd5a.webp
98,Shanks SEC-SP Booster Pack ROMANCE DAWN,OP01-120,one-piece,16,op100#16/tcg300#16,pass,pass,fail,否,434x610,0.1367,5.0,0.1436,歪斜（卡面邊緣斜 5px）；白邊（內環白佔 14%）；畫布 434x610（非 429x600 標準）,apps/web/public/market-assets/50b2a9ec5d7d444c9ec56f61d06d528b32b187af70eef787e8dba9b82a848850.webp
20,Latias & Latios GX,105/095,pokemon,17,ptcg100#17/tcg300#17,fail,pass,pass,否,716x998,0.9915,0.0,0.0668,白角 4/4（圓弧外係實心白背景）；畫布 716x998（非 429x600 標準）,apps/web/public/market-assets/e48cd23a356216fe5fb0dfdba74d98e2d5b58fb06df659be90e9601108dbbf5a.webp
87,Boa Hancock SR-SP Booster Pack The Future After 500 years,OP07-051,one-piece,17,op100#17/tcg300#17,pass,pass,pass,否,436x610,0.0,0.0,0.0335,三項都過；畫布 436x610（非 429x600 標準）,apps/web/public/market-assets/b64e2b49d587f8b40a47649bcbd9e104f7d48e032e113fdc65b454976a3e7dd1.webp
26,Mario Pikachu,293/XY-P,pokemon,18,ptcg100#18/tcg300#18,fail,pass,pass,否,716x996,0.9661,0.0,0.0237,白角 4/4（圓弧外係實心白背景）；畫布 716x996（非 429x600 標準）,apps/web/public/market-assets/ca7a375eedb82fa1036432928689bac0b7571427df83fb6602b3c81d9e987a20.webp
90,Trafalgar Law,ST10-010,one-piece,18,op100#18/tcg300#18,pass,pass,pass,否,436x610,0.0504,1.0,0.0685,三項都過；畫布 436x610（非 429x600 標準）,apps/web/public/market-assets/930798331ec4fd8da989648d988e6923e2c7912ea8d3d108bf5beda1819379a1.webp
25,Red's Pikachu,270/SM-P,pokemon,19,ptcg100#19/tcg300#19,fail,pass,suspect,否,716x995,1.0,0.0,0.1622,白角 4/4（圓弧外係實心白背景）；白邊（內環白佔 16%）；畫布 716x995（非 429x600 標準）,apps/web/public/market-assets/dac8da36c3de3d064903d07a69583f4a01d77c8f39f73aff9687932d70ffb940.webp
102,Shanks SEC-SP Booster Pack ROMANCE DAWN,OP01-120,one-piece,19,op100#19/tcg300#19,無圖可QC,無圖可QC,無圖可QC,,,,,,磁碟上冇對應圖檔，無法檢查,
23,Mew ex,347/190,pokemon,20,ptcg100#20/tcg300#20,pass,pass,pass,否,640x899,0.412,0.0,0.0024,三項都過；畫布 640x899（非 429x600 標準）,apps/web/public/market-assets/3fcf410013c4baa4dd9773f08c1eef6f728e490b4c342853dd32894b00bc070d.webp
103,Monkey D. Luffy,OP01-003,one-piece,20,op100#20/tcg300#20,無圖可QC,無圖可QC,無圖可QC,,,,,,磁碟上冇對應圖檔，無法檢查,
27,Psyduck,286/SM-P,pokemon,21,ptcg100#21/tcg300#21,fail,pass,pass,否,715x994,1.0,0.0,0.086,白角 4/4（圓弧外係實心白背景）；畫布 715x994（非 429x600 標準）,apps/web/public/market-assets/a590fa638d2b7969b559e97d21219a45f2155f3aa6801f4fea338eb8265e64f1.webp
107,Boa Hancock,OP07-051,one-piece,21,op100#21/tcg300#21,pass,pass,pass,是,429x600,0.0,1.0,0.0002,三項都過,apps/web/public/market-assets/8f19d661d0e6538571cbff7d01894529d82481ee4782e0825ba8ef2b1c9b44ca.webp
29,Gengar VMAX,020/019,pokemon,22,ptcg100#22/tcg300#22,fail,未檢查,pass,否,573x800,0.686,0.0,0.0195,白角 3/4（圓弧外係實心白背景）；畫布 573x800（非 429x600 標準）,apps/web/public/market-assets/54ab0c18fae314e5566ec831c388a266bd8dc0098ec1c40283e6a02bbbf68183.webp
112,Monkey.D.Luffy SEC-SPC 3th Anniversary Special Card Booster Pack A Fist of Divine Speed,OP05-119,one-piece,22,op100#22/tcg300#22,pass,pass,fail,是,445x610,0.0,2.0,0.2509,歪斜（卡面邊緣斜 2px）；白邊（內環白佔 25%）；畫布 445x610（非 429x600 標準）,apps/web/public/market-assets/0f5fde6fb92a0f3e5486b781f4bd250908b6c222f441ade44e9b0226a96dc6a8.webp
33,Lillie,119/114,pokemon,23,ptcg100#23/tcg300#23,fail,未檢查,pass,否,716x997,0.9972,0.0,0.0544,白角 4/4（圓弧外係實心白背景）；畫布 716x997（非 429x600 標準）,apps/web/public/market-assets/ca61046591166b90f313c280799a4550906760fb3fadaa9f0d8d7080cf0f853e.webp
111,Monkey.D.Luff,ST10-006,one-piece,23,op100#23/tcg300#23,pass,fail,pass,是,429x600,0.0,0.0,0.022,佔位圖：卡面印住大字「NOW DESIGNING」，官方未出圖,apps/web/public/market-assets/203b13932049817a0d6bd4169a768015afbcb28e9b6a97e989419e35c11edd58.webp
30,Detective Pikachu,098/SV-P,pokemon,24,ptcg100#24/tcg300#24,pass,未檢查,pass,是,434x609,0.0,0.0,0.1015,三項都過；畫布 434x609（非 429x600 標準）,apps/web/public/market-assets/f8753daf010c4d761404e1d0bf888c2b180bc14be986d04257479bf44f348642.webp
128,Monkey D. Luffy,OP11-118,one-piece,24,op100#24/tcg300#24,無圖可QC,無圖可QC,無圖可QC,,,,,,磁碟上冇對應圖檔，無法檢查,
31,Moltres Zapdos Articuno GX,SM210,pokemon,25,ptcg100#25/tcg300#25,pass,未檢查,suspect,是,441x610,0.0432,0.0,0.153,白邊（內環白佔 15%）；畫布 441x610（非 429x600 標準）,apps/web/public/market-assets/279bd0345af76ab2806a35afbf39b92851e80ef6478e1e196cc910bbcbb7261a.webp
132,Boa Hancock,OP01-078,one-piece,25,op100#25/tcg300#25,無圖可QC,無圖可QC,無圖可QC,,,,,,磁碟上冇對應圖檔，無法檢查,
51,Luigi Pikachu,295/XY-P,pokemon,26,ptcg100#26/tcg300#26,fail,未檢查,pass,否,716x996,0.9689,0.0,0.0277,白角 4/4（圓弧外係實心白背景）；畫布 716x996（非 429x600 標準）,apps/web/public/market-assets/74c4ae5076a2ca0252dbe5e496d9f6144a5ef6a8938bd5c5b55201eed08b8c93.webp
134,Monkey D. Luffy,OP13-118,one-piece,26,op100#26/tcg300#26,無圖可QC,無圖可QC,無圖可QC,,,,,,磁碟上冇對應圖檔，無法檢查,
35,Pikachu,153/SV-P,pokemon,27,ptcg100#27/tcg300#27,無圖可QC,無圖可QC,無圖可QC,,,,,,磁碟上冇對應圖檔，無法檢查,
137,Monkey.D.Luffy SEC-SP Booster Pack CARRYING ON HIS WILL,OP13-118,one-piece,27,op100#27/tcg300#27,pass,pass,pass,是,431x610,0.0,0.0,0.0,三項都過；畫布 431x610（非 429x600 標準）,apps/web/public/market-assets/2d8df069009e74d81dcdedb39740dd57ba60907b69bfcb6efbe463e98c8a9a66.webp
38,Pikachu ex,001/030,pokemon,28,ptcg100#28/tcg300#28,fail,未檢查,pass,否,716x1000,0.8362,0.0,0.0022,白角 4/4（圓弧外係實心白背景）；畫布 716x1000（非 429x600 標準）,apps/web/public/market-assets/ce322227e878403b06bb7af57adc82901a705a84573960b70de6e5c936ef6f5a.webp
146,Monkey D Luffy,OP05-119,one-piece,28,op100#28/tcg300#28,無圖可QC,無圖可QC,無圖可QC,,,,,,磁碟上冇對應圖檔，無法檢查,
45,Pikachu EX,094/087,pokemon,29,ptcg100#29/tcg300#29,fail,pass,pass,否,716x996,0.7514,0.0,0.0035,白角 4/4（圓弧外係實心白背景）；畫布 716x996（非 429x600 標準）,apps/web/public/market-assets/ac3b834b27bfad23afd00644d2df239776c162cc2cdfe12acafebb079a06b0e2.webp
150,Monkey.D.Luffy SEC-SP Booster Pack A Fist of Divine Speed,OP11-118,one-piece,29,op100#29/tcg300#29,pass,pass,pass,是,431x608,0.0,0.0,0.0008,三項都過；畫布 431x608（非 429x600 標準）,apps/web/public/market-assets/ed47c59bbbc6fd4408566a2bfe5cf72b58ad6d5f4e51687fde30d6177d426dac.webp
32,_____'s Pikachu,007/025,pokemon,30,ptcg100#30/tcg300#30,fail,pass,pass,否,716x1000,0.6949,0.0,0.0043,白角 4/4（圓弧外係實心白背景）；畫布 716x1000（非 429x600 標準）,apps/web/public/market-assets/4ef116fb8a5fbe00561bb9db16e1785304633d2e971e20593fa7f13b9504b5d4.webp
157,Roronoa Zoro,OP01-025,one-piece,30,op100#30/tcg300#30,pass,pass,pass,是,429x600,0.0,0.0,0.0005,三項都過,apps/web/public/market-assets/e599f4a3daebf2c4cdee20765ed1a4e38e87db8458c1b21db1da1a35c3b88edc.webp
37,Mega Gengar ex,240/193,pokemon,31,ptcg100#31/tcg300#31,pass,未檢查,pass,是,429x600,0.0,0.0,0.0,三項都過,apps/web/public/market-assets/8ba3e2f94e7815a0a155e9db0a2f3ed03bce9cd9c24f266387e137126bd710cb.webp
163,Monkey D. Luffy,ST21-014,one-piece,31,op100#31/tcg300#31,無圖可QC,無圖可QC,無圖可QC,,,,,,磁碟上冇對應圖檔，無法檢查,
34,Mew/Mewtwo Gx,SM191,pokemon,32,ptcg100#32/tcg300#32,pass,未檢查,suspect,是,429x600,0.0,0.0,0.1564,白邊（內環白佔 16%）,apps/web/public/market-assets/2ce502904b397d671c7caf0accb975daab5efc3af8a0b851049839f6c417ba44.webp
171,Monkey D Luffy,OP09-119,one-piece,32,op100#32/tcg300#32,無圖可QC,無圖可QC,無圖可QC,,,,,,磁碟上冇對應圖檔，無法檢查,
40,Eevee,287/SM-P,pokemon,33,ptcg100#33/tcg300#33,fail,pass,pass,否,715x994,1.0,0.0,0.0865,白角 4/4（圓弧外係實心白背景）；畫布 715x994（非 429x600 標準）,apps/web/public/market-assets/87bb2bc1e88005472965bdd5f7c9944854bfceed786c66d2b5983e1711550db7.webp
175,Tony Tony Chopper,EB01-006,one-piece,33,op100#33/tcg300#33,無圖可QC,無圖可QC,無圖可QC,,,,,,磁碟上冇對應圖檔，無法檢查,
39,Giratina Vstar,GG69,pokemon,34,ptcg100#34/tcg300#34,pass,pass,fail,是,429x600,0.0,3.0,0.0442,歪斜（卡面邊緣斜 3px）,apps/web/public/market-assets/cc20cc2151effc3eae41766c9f06b4bee541cf1f0837b2bef4de29b612be9218.webp
188,Portgas D. Ace,OP02-013,one-piece,34,op100#34/tcg300#34,無圖可QC,無圖可QC,無圖可QC,,,,,,磁碟上冇對應圖檔，無法檢查,
46,Magikarp,080/073,pokemon,35,ptcg100#35/tcg300#35,pass,未檢查,pass,否,640x910,0.4542,0.0,0.0023,三項都過；畫布 640x910（非 429x600 標準）,apps/web/public/market-assets/f390719a4d34cc180c3db43985ab7682c1ed2b472b1ccf84cfc1132e45887b24.webp
192,Sanji,OP06-119,one-piece,35,op100#35/tcg300#35,無圖可QC,無圖可QC,無圖可QC,,,,,,磁碟上冇對應圖檔，無法檢查,
41,Mewtwo Vstar,GG44,pokemon,36,ptcg100#36/tcg300#36,pass,pass,fail,是,429x600,0.0,8.0,0.4032,歪斜（卡面邊緣斜 8px）；白邊（內環白佔 40%）,apps/web/public/market-assets/452a94fd004dc28398fb1c98c347c260ec5528489f27df3ddd09865e50b27151.webp
197,Nami,OP09-050,one-piece,36,op100#36/tcg300#36,無圖可QC,無圖可QC,無圖可QC,,,,,,磁碟上冇對應圖檔，無法檢查,
48,Charizard Gx,SV49,pokemon,37,ptcg100#37/tcg300#37,pass,未檢查,pass,是,429x600,0.0,0.0,0.0901,三項都過,apps/web/public/market-assets/5cecbaf215a0b142e4e6bc925da5e3c6de178176f6f4084260dc53b7d2278a0a.webp
249,Monkey D Luffy,P-043,one-piece,37,op100#37/tcg300#37,pass,pass,fail,否,436x610,0.3957,2.0,0.201,歪斜（卡面邊緣斜 2px）；白邊（內環白佔 20%）；畫布 436x610（非 429x600 標準）,apps/web/public/market-assets/d0a5f0411ecec39143dd05eb9b6f011a9ac164145aeda97bce1f991ea6c4437a.webp
53,Pikachu,400/SM-P,pokemon,38,ptcg100#38/tcg300#38,fail,pass,pass,否,716x996,1.0,0.0,0.0849,白角 4/4（圓弧外係實心白背景）；畫布 716x996（非 429x600 標準）,apps/web/public/market-assets/1a677ca76ccf0532e1b8f4e2ac40f78de3dd0c40691f6e4bb3e9862ec5d3fcf4.webp
276,Boa Hancock SR-SPC,EB03-026,one-piece,38,op100#38/tcg300#38,pass,fail,pass,是,436x610,0.0,0.0,0.0049,樣本圖：卡面印住大字「SAMPLE」水印；畫布 436x610（非 429x600 標準）,apps/web/public/market-assets/2ff47d7dd0644e8b4bc263d9e50c5cd1d22a7565ac3777f3147c508bbe1e3f9c.webp
50,Pikachu & Zekrom GX,101/095,pokemon,39,ptcg100#39/tcg300#39,fail,pass,pass,否,716x997,0.9802,1.0,0.064,白角 4/4（圓弧外係實心白背景）；畫布 716x997（非 429x600 標準）,apps/web/public/market-assets/bb33b190473463b4ddd909f51ea444f41a52d422a39a414499a71e05b1503ea5.webp
267,Monkey D Luffy SEC-P,OP05-119,one-piece,39,op100#39/tcg300#39,pass,pass,pass,否,436x610,0.0,0.0,0.0092,三項都過；畫布 436x610（非 429x600 標準）,apps/web/public/market-assets/ba1263b02aad7f6306ac40cbefe0933cd72a5386a1332643ee560094549384ce.webp
49,Pikachu ex,132/106,pokemon,40,ptcg100#40/tcg300#40,pass,未檢查,pass,是,429x600,0.0,1.0,0.1022,三項都過,apps/web/public/market-assets/7327f8e7c49e44fabacfb917a73191ebc7a99508a1366bc0dd2061f8fa2578ce.webp
311,Dracule Mihawk SEC-SP Booster Pack THE AZURE SEA'S SEVEN,OP14-119,one-piece,40,op100#40/tcg300#40,pass,pass,pass,是,437x610,0.0,0.0,0.0919,三項都過；畫布 437x610（非 429x600 標準）,apps/web/public/market-assets/b628f951347036cdcdb7fe27f0fde7799420ea84d5d3772516322da56bbba9a6.webp
44,Pikachu,010/032,pokemon,41,ptcg100#41/tcg300#41,fail,pass,pass,否,716x999,0.9972,0.0,0.0292,白角 4/4（圓弧外係實心白背景）；畫布 716x999（非 429x600 標準）,apps/web/public/market-assets/5e8cd66a439ea600ce69125bdafbdf8363b394fbe5a0f367d9e60c3338bc73d0.webp
55,Pikachu ex,234/193,pokemon,42,ptcg100#42/tcg300#42,pass,未檢查,pass,是,429x600,0.0,0.0,0.0,三項都過,apps/web/public/market-assets/8ad3ee8fbf405ac0864c224f222b3aaa3d80cced120eaf7131e7271518fac3b7.webp
57,Pikachu,208/S-P,pokemon,43,ptcg100#43/tcg300#43,pass,未檢查,suspect,是,426x609,0.0,1.0,0.4834,白邊（內環白佔 48%）；畫布 426x609（非 429x600 標準）,apps/web/public/market-assets/b672ac008682aa0e86ced222f5f872d31c12f7a5aa7ac3320de811e2661dccd4.webp
59,Mega Charizard X ex,116/080,pokemon,44,ptcg100#44/tcg300#44,pass,未檢查,pass,否,717x1000,0.0,0.0,0.0,三項都過；畫布 717x1000（非 429x600 標準）,apps/web/public/market-assets/99197ad90c2106325d7376cf81519b30c871a80a0dd5291e1300fc064e64054e.webp
61,Mew ex,205/165,pokemon,45,ptcg100#45/tcg300#45,pass,未檢查,pass,否,500x706,0.4891,0.0,0.0013,三項都過；畫布 500x706（非 429x600 標準）,apps/web/public/market-assets/915f7e785243ab28ea2620fff1cca94cceb39b89f48d6ccfe3d551a41afb26f1.webp
65,Mewtwo GX,082/072,pokemon,46,ptcg100#46/tcg300#46,fail,pass,pass,否,504x712,0.6359,0.0,0.0165,白角 1/4（圓弧外係實心白背景）；畫布 504x712（非 429x600 標準）,apps/web/public/market-assets/3a4b92c14fafde26a9c079e3cccb9c9b899517fcd8190f505d99790c76143c6d.webp
74,Charizard VMAX SUR,SV107,pokemon,47,ptcg100#47/tcg300#47,pass,未檢查,pass,是,429x600,0.0,0.0,0.1014,三項都過,apps/web/public/market-assets/3bad4ca7e708e76832a17c83264885a5b91f592db42a94af267b600b75660268.webp
96,Charizard,011/087,pokemon,48,ptcg100#48/tcg300#48,fail,pass,pass,否,716x996,0.7627,0.0,0.003,白角 4/4（圓弧外係實心白背景）；畫布 716x996（非 429x600 標準）,apps/web/public/market-assets/99bd266ab6b8fbf7861457787682a583a84cfcb3d6ed3a5cf79dbecc0b47867e.webp
66,Charizard ex,349/190,pokemon,49,ptcg100#49/tcg300#49,pass,未檢查,pass,否,640x903,0.3697,0.0,0.0014,三項都過；畫布 640x903（非 429x600 標準）,apps/web/public/market-assets/dab5f0083b9872e488e096998712c1ecd2c359c3694d84f27ccf477c6939fc6c.webp
70,Cramorant,226/S-P,pokemon,50,ptcg100#50/tcg300#50,pass,未檢查,pass,否,632x895,0.2923,0.0,0.0536,三項都過；畫布 632x895（非 429x600 標準）,apps/web/public/market-assets/d77ba5a7f4f2efbdba3bf668a8c174324859992b32c1a211e7e6f266909a728f.webp
131,Charizard VMAX,SWSH261,pokemon,51,ptcg100#51/tcg300#51,pass,未檢查,pass,是,433x605,0.0,0.0,0.058,三項都過；畫布 433x605（非 429x600 標準）,apps/web/public/market-assets/3f7c4185ba4044bfbb0c898588dc64a7383296889e5737b27d864953b36f17fa.webp
77,Pikachu,205/172,pokemon,52,ptcg100#52/tcg300#52,fail,pass,pass,否,704x1000,0.6073,0.0,0.0056,白角 1/4（圓弧外係實心白背景）；畫布 704x1000（非 429x600 標準）,apps/web/public/market-assets/fcc7dbd88f8cbc7bc28c0e6393dec41561a196a5bc6edfdcfddf62ed17ddaf6b.webp
85,Reshiram ex,174/086,pokemon,53,ptcg100#53/tcg300#53,pass,未檢查,pass,是,429x600,0.0,0.0,0.0,三項都過,apps/web/public/market-assets/341cb9a3f10986c685ec77744993f7a2f843daf411c664d896ed9b679a11a60f.webp
68,Lillie,066/060,pokemon,54,ptcg100#54/tcg300#54,fail,pass,pass,否,716x998,1.0,0.0,0.0442,白角 4/4（圓弧外係實心白背景）；畫布 716x998（非 429x600 標準）,apps/web/public/market-assets/a73b5d92e7dc3f3ee3f852e687459909ae9e68d3c247e3d90d97dd3de22465b9.webp
73,Sylveon ex,212/187,pokemon,55,ptcg100#55/tcg300#55,fail,pass,pass,否,715x1000,0.2881,0.0,0.0008,淺色方角 1/4（圓弧外係淺灰背景）；畫布 715x1000（非 429x600 標準）,apps/web/public/market-assets/e2b6921aac13f0d0fa516e05e063bcb4fff751d9143c2e1ea8e0716e1166c0c2.webp
79,Charizard ex,134/108,pokemon,56,ptcg100#56/tcg300#56,pass,未檢查,pass,否,640x904,0.3979,0.0,0.0019,三項都過；畫布 640x904（非 429x600 標準）,apps/web/public/market-assets/845355a7ee22d88f220be8c8c8bb08f0479dd712a6e8483acbc20773edd1604f.webp
81,Umbreon Star,012/025,pokemon,57,ptcg100#57/tcg300#57,fail,pass,pass,否,500x698,0.7717,0.0,0.0056,白角 4/4（圓弧外係實心白背景）；畫布 500x698（非 429x600 標準）,apps/web/public/market-assets/d2671ca2b29d64bcf3d8bea8f6d83976403b401dc75a866ece944d0938b7c6d5.webp
84,Gengar & Mimikyu GX,103/095,pokemon,58,ptcg100#58/tcg300#58,fail,pass,pass,否,716x996,0.9859,0.0,0.0612,白角 4/4（圓弧外係實心白背景）；畫布 716x996（非 429x600 標準）,apps/web/public/market-assets/c44337a4c3aa3829b5ddf1285cfbb5cdaf581cb5218784f972875e9ec081778b.webp
75,Pikachu/Zekrom Gx,SM168,pokemon,59,ptcg100#59/tcg300#59,pass,未檢查,suspect,是,245x342,0.1087,0.0,0.2419,白邊（內環白佔 24%）；畫布 245x342（非 429x600 標準）,apps/web/public/market-assets/f560853004b14250455466fa5a16135943cb979aab1eac829e3995f8a7a1ef84.webp
109,Flareon EX,007/032,pokemon,60,ptcg100#60/tcg300#60,pass,未檢查,pass,是,429x600,0.0,0.0,0.0948,三項都過,apps/web/public/market-assets/228b7077fb44189aad2bdbe73876396253526c0e6567fccbafbb7584e3acf0fa.webp
86,Zekrom ex,174/086,pokemon,61,ptcg100#61/tcg300#61,pass,未檢查,pass,是,429x600,0.0,1.0,0.0,三項都過,apps/web/public/market-assets/9bb63d184773faa3260ddd7bbd65b6d4c7a0a01e4635f1e1569ebb9865325d41.webp
91,Rayquaza V,076/067,pokemon,62,ptcg100#62/tcg300#62,fail,pass,pass,否,716x1000,0.8164,0.0,0.011,白角 4/4（圓弧外係實心白背景）；畫布 716x1000（非 429x600 標準）,apps/web/public/market-assets/e150d812bb2aabaa304fa3e7acf55e91bc62905650aa639b12a1a86a3bf044a1.webp
83,Pikachu,025/165,pokemon,63,ptcg100#63/tcg300#63,pass,未檢查,pass,是,429x600,0.0,0.0,0.0019,三項都過,apps/web/public/market-assets/874dc4000b2a3f30c15b9d39d99b1cdb4abe2bcdedbf49c201106415c9a3d652.webp
88,Giratina VSTAR,261/172,pokemon,64,ptcg100#64/tcg300#64,fail,pass,pass,否,708x1000,0.4181,0.0,0.0025,淺色方角 2/4（圓弧外係淺灰背景）；畫布 708x1000（非 429x600 標準）,apps/web/public/market-assets/45809d962fbda2609990aeff33bf67118f7865fd8eadc730ed82eb287386a513.webp
94,Iono,096/071,pokemon,65,ptcg100#65/tcg300#65,pass,未檢查,pass,否,640x906,0.3697,0.0,0.0008,三項都過；畫布 640x906（非 429x600 標準）,apps/web/public/market-assets/1a9a34a525de31cc7f4be4def63783a7c623d07a438eb1d0fd0c125f0ebd20d7.webp
82,Special Delivery Charizard,SWSH075,pokemon,66,ptcg100#66/tcg300#66,pass,未檢查,pass,否,437x610,0.2662,0.0,0.0021,三項都過；畫布 437x610（非 429x600 標準）,apps/web/public/market-assets/907d9ed9a1ec6c2ff52428d3d9b599a4132bf996b49af93b4861130b98328d0a.webp
93,Umbreon & Darkrai GX,182/173,pokemon,67,ptcg100#67/tcg300#67,fail,pass,pass,否,716x996,0.9859,0.0,0.0591,白角 4/4（圓弧外係實心白背景）；畫布 716x996（非 429x600 標準）,apps/web/public/market-assets/412b1dc051115261caa08024c2f62b2b34c9ef30602714c3367a4071eb35dc19.webp
97,Sightseer,192/173,pokemon,68,ptcg100#68/tcg300#68,fail,pass,pass,否,716x999,1.0,0.0,0.0568,白角 4/4（圓弧外係實心白背景）；畫布 716x999（非 429x600 標準）,apps/web/public/market-assets/2d37f3265297641ebd919d5be3016fe19143efdea1ee1d78927ea6e89fe19577.webp
95,Lillie's Determination,091/063,pokemon,69,ptcg100#69/tcg300#69,pass,未檢查,pass,否,640x903,0.4437,0.0,0.001,三項都過；畫布 640x903（非 429x600 標準）,apps/web/public/market-assets/f1f94c63377fb5a59af6f86426a824555b22e4b34f13a1c2de1e56f3f1ba30b2.webp
92,Kanazawa Pikachu With Mark,144/S-P,pokemon,70,ptcg100#70/tcg300#70,pass,未檢查,pass,是,430x610,0.0,0.0,0.0068,三項都過；畫布 430x610（非 429x600 標準）,apps/web/public/market-assets/22e64afbbbd759cdc550f16eee92ebb00d0c8dbf0f159e39909cbd0026330a9c.webp
101,Arceus Vstar,GG70,pokemon,71,ptcg100#71/tcg300#71,pass,未檢查,pass,是,429x600,0.0,1.0,0.0423,三項都過,apps/web/public/market-assets/cffd143ecf60a5246f6cdf6ed295faaa0457c040787087804c3dded0df1af8fe.webp
100,Team Rocket's Mewtwo ex,125/098,pokemon,72,ptcg100#72/tcg300#72,pass,未檢查,pass,是,429x600,0.0,0.0,0.0009,三項都過,apps/web/public/market-assets/33a033f15af1cb06242d7975d02a43c114527ed674d7624094017cb11758c208.webp
99,Mew VMAX,119/100,pokemon,73,ptcg100#73/tcg300#73,pass,未檢查,pass,否,640x905,0.2993,0.0,0.0025,三項都過；畫布 640x905（非 429x600 標準）,apps/web/public/market-assets/76fe537e8b607c00a5a038def85e82d5ff7d3e83befa65c6d5b312b47fad9ced.webp
105,Umbreon,067/SV-P,pokemon,74,ptcg100#74/tcg300#74,pass,未檢查,pass,是,441x610,0.0,0.0,0.0178,三項都過；畫布 441x610（非 429x600 標準）,apps/web/public/market-assets/6f75e8381677f8bf51a1823ef7147399290a01c0d730e652f7544388c6ea3015.webp
120,Mewtwo & Mew GX,098/094,pokemon,75,ptcg100#75/tcg300#75,fail,pass,pass,否,716x996,0.9859,0.0,0.0614,白角 4/4（圓弧外係實心白背景）；畫布 716x996（非 429x600 標準）,apps/web/public/market-assets/962da0a86c69badaf064430c47299c775341ddec9b07f58e5cf035322ad58057.webp
115,Kingdra ex,131/SVP,pokemon,76,ptcg100#76/tcg300#76,pass,未檢查,pass,是,436x610,0.0,0.0,0.0,三項都過；畫布 436x610（非 429x600 標準）,apps/web/public/market-assets/87279d0d65d43fcdc5570174204c75a3475276b334bea4d4370a74cbca4b3452.webp
104,Rayquaza Vmax,TG20,pokemon,77,ptcg100#77/tcg300#77,pass,未檢查,pass,是,429x600,0.0,0.0,0.0693,三項都過,apps/web/public/market-assets/a952212b0c7ab5067413019f64a9aa31ebe00c7602db0d2ff3dbacb208af594f.webp
127,Mega Dragonite ex,246/193,pokemon,78,ptcg100#78/tcg300#78,pass,未檢查,pass,是,429x600,0.0,0.0,0.0,三項都過,apps/web/public/market-assets/97515e18ec3f484e0a253c875cd4e3423764ad2d08364cfb12556a4cf821718b.webp
133,Fukuoka's Pikachu,289/SV-P,pokemon,79,ptcg100#79/tcg300#79,pass,未檢查,pass,是,435x607,0.0,0.0,0.1133,三項都過；畫布 435x607（非 429x600 標準）,apps/web/public/market-assets/1f41290c06b6edae66a0e3fc517dd9b6934480459e3ab619edcfe36692a92ef7.webp
125,Manzai play Pikachu,407/SM-P,pokemon,80,ptcg100#80/tcg300#80,pass,未檢查,suspect,是,441x610,0.0719,0.0,0.1609,白邊（內環白佔 16%）；畫布 441x610（非 429x600 標準）,apps/web/public/market-assets/20d9ea0c072afc69e420fc6529e679b77b739946c3378f4b7775931abdf730a7.webp
113,Hiroshima's Pikachu,261/SV-P,pokemon,81,ptcg100#81/tcg300#81,fail,pass,pass,否,341x476,0.7667,0.0,0.0103,白角 4/4（圓弧外係實心白背景）；畫布 341x476（非 429x600 標準）,apps/web/public/market-assets/013aba6eeaab0b6751035d0e063285d566d0cb9682082018e8d48c09b070566b.webp
119,Pikachu,061/SM-P,pokemon,82,ptcg100#82/tcg300#82,pass,未檢查,pass,是,427x610,0.0,0.0,0.0,三項都過；畫布 427x610（非 429x600 標準）,apps/web/public/market-assets/d37a76b61d1e5c8a4fa73f5494d90701b70fcf8860b08c51c209e8b3528d9123.webp
114,Pikachu,1/SV-P,pokemon,83,ptcg100#83/tcg300#83,fail,pass,suspect,否,716x1000,0.8898,0.0,0.2045,白角 4/4（圓弧外係實心白背景）；白邊（內環白佔 20%）；畫布 716x1000（非 429x600 標準）,apps/web/public/market-assets/e781183ab1b9957e04f7a3a56793ce668368139cce13e3bedffd398cdc356638.webp
116,Charizard VSTAR,212/172,pokemon,84,ptcg100#84/tcg300#84,fail,pass,pass,否,707x1000,0.5,0.0,0.0068,淺色方角 2/4（圓弧外係淺灰背景）；畫布 707x1000（非 429x600 標準）,apps/web/public/market-assets/b5753527238b759e930d6a3e8f9d0e31dd183bbbb5cd837ca94195214532b096.webp
117,Pretend Tea Ceremony Pikachu,325/SM-P,pokemon,85,ptcg100#85/tcg300#85,pass,未檢查,pass,是,429x600,0.0,0.0,0.0,三項都過,apps/web/public/market-assets/0fccc66a98a549de2edef16030c78940d81831118049d749bf48985dc4a69ead.webp
126,Mewtwo VSTAR,221/172,pokemon,86,ptcg100#86/tcg300#86,fail,pass,pass,否,709x1000,0.6102,0.0,0.0115,白角 1/4（圓弧外係實心白背景）；畫布 709x1000（非 429x600 標準）,apps/web/public/market-assets/643b78775b29d87213839d45ec8321e182e3f8b722b07fe826434c9fcf83fe10.webp
129,Espeon VMAX,189/S-P,pokemon,87,ptcg100#87/tcg300#87,pass,pass,fail,是,441x610,0.0719,2.0,0.0657,歪斜（卡面邊緣斜 2px）；畫布 441x610（非 429x600 標準）,apps/web/public/market-assets/09b1bb914d56b08d45adbe758455f0d4d2e50d809fe483cdcb894164a6bcfb89.webp
130,Charizard VMAX,308/190,pokemon,88,ptcg100#88/tcg300#88,fail,pass,pass,否,716x1000,0.839,0.0,0.0244,白角 4/4（圓弧外係實心白背景）；畫布 716x1000（非 429x600 標準）,apps/web/public/market-assets/f9677e0154f6cf1f6d8caef952aa152491386029335e8454948c5e1ee9db860b.webp
122,Greninja ex,132/SVP,pokemon,89,ptcg100#89/tcg300#89,pass,未檢查,pass,是,441x610,0.0072,0.0,0.0084,三項都過；畫布 441x610（非 429x600 標準）,apps/web/public/market-assets/778d351660c175d83a2d7504449657725f2bf178c795112e4458a5383c823bb6.webp
173,Friends in Alola,401/SM-P,pokemon,90,ptcg100#90/tcg300#90,fail,pass,pass,否,716x1000,1.0,0.0,0.0673,白角 4/4（圓弧外係實心白背景）；畫布 716x1000（非 429x600 標準）,apps/web/public/market-assets/d7de49696430509f48b04e7cfaf2a4a7b96d5f0527884f35f76dd42b9353e6ba.webp
139,Charizard GX,209/150,pokemon,91,ptcg100#91/tcg300#91,pass,未檢查,pass,是,429x600,0.0,0.0,0.0088,三項都過,apps/web/public/market-assets/bf44b4098e2012110fed80e5f624ff98c8fe6bccd6dab6032c0cab53131bbad9.webp
142,Shibuya Pikachu,002/S-P,pokemon,92,ptcg100#92/tcg300#92,pass,未檢查,pass,是,430x610,0.0,0.0,0.0,三項都過；畫布 430x610（非 429x600 標準）,apps/web/public/market-assets/7440e60c96c2921858be08dfcad9a40b0062ae2907229e8e6f68f427f15836e1.webp
136,Pikachu,054/049,pokemon,93,ptcg100#93/tcg300#93,fail,pass,suspect,否,715x995,1.0,0.0,0.1243,白角 4/4（圓弧外係實心白背景）；白邊（內環白佔 12%）；畫布 715x995（非 429x600 標準）,apps/web/public/market-assets/adf9eac216e3e33d85a44723fa8be76d58c9af4d48e460cc7e5b6779dda9f4ee.webp
166,Tohoku's Pikachu,260/SV-P,pokemon,94,ptcg100#94/tcg300#94,pass,未檢查,suspect,是,436x608,0.0,0.0,0.1969,白邊（內環白佔 20%）；畫布 436x608（非 429x600 標準）,apps/web/public/market-assets/43116ccb2038074e3a42b0d1eecf5782948a9b715725c37082ec2486211b0e96.webp
144,Clefairy,381/SM-P,pokemon,95,ptcg100#95/tcg300#95,fail,pass,suspect,否,715x995,1.0,0.0,0.1605,白角 4/4（圓弧外係實心白背景）；白邊（內環白佔 16%）；畫布 715x995（非 429x600 標準）,apps/web/public/market-assets/3a3ba6e362bd2dae847e98a7e289e78c901759f9e4c083cb63aaf72aef82142a.webp
148,Lisia,104/096,pokemon,96,ptcg100#96/tcg300#96,pass,未檢查,pass,是,429x600,0.0,0.0,0.0256,三項都過,apps/web/public/market-assets/a7900dd3f28fdb2690e8cd43ac9bf39ebd1e83c28b74b8f48d696227a83d8675.webp
164,Victini,288/SV-P,pokemon,97,ptcg100#97/tcg300#97,pass,未檢查,pass,是,437x610,0.0,0.0,0.0,三項都過；畫布 437x610（非 429x600 標準）,apps/web/public/market-assets/10c1102403a42186e8faebfc3254257312db1d431a48fdbc7c16b03795286c9f.webp
153,Espeon ex,211/187,pokemon,98,ptcg100#98/tcg300#98,fail,pass,pass,否,716x1000,0.822,0.0,0.0035,白角 3/4（圓弧外係實心白背景）；畫布 716x1000（非 429x600 標準）,apps/web/public/market-assets/0216a58253dcffeefee7dc25bfa67d6c68c27e6f745820fe6d475bf3f680208f.webp
168,Mew EX,024/020,pokemon,99,ptcg100#99/tcg300#99,無圖可QC,無圖可QC,無圖可QC,,,,,,磁碟上冇對應圖檔，無法檢查,
143,Greninja ex,090/066,pokemon,100,ptcg100#100/tcg300#100,pass,未檢查,pass,否,640x903,0.3275,0.0,0.0021,三項都過；畫布 640x903（非 429x600 標準）,apps/web/public/market-assets/5069ba06be413d75148b5235a0069e9bcf7e62c4a4ed97803c512b1a01c8871f.webp
152,Reshiram & Charizard GX,097/095,pokemon,130,tcg300#130,fail,pass,pass,否,716x996,0.9859,0.0,0.0591,白角 4/4（圓弧外係實心白背景）；畫布 716x996（非 429x600 標準）,apps/web/public/market-assets/1baf1b44caf202fae5848a6be4415547cd239a72c7b9967a06c265d758715182.webp
154,Team Aqua's Kyogre EX,006/034,pokemon,131,tcg300#131,fail,pass,pass,否,716x998,0.9887,1.0,0.0511,白角 4/4（圓弧外係實心白背景）；畫布 716x998（非 429x600 標準）,apps/web/public/market-assets/93b91d0fb2b37eea3a7376a4646730d26392625b888189f4c40429968efa61d7.webp
162,Mew,017/036,pokemon,133,tcg300#133,fail,pass,pass,否,716x997,0.9887,0.0,0.0021,白角 4/4（圓弧外係實心白背景）；畫布 716x997（非 429x600 標準）,apps/web/public/market-assets/0f5184b318f0d0cdb7c13d7b6bdd28f972b0fcf80f16f586012a08bae1cfb00b.webp
159,Team Magma's Groudon EX,015/034,pokemon,134,tcg300#134,fail,pass,pass,否,716x998,0.9831,1.0,0.0424,白角 4/4（圓弧外係實心白背景）；畫布 716x998（非 429x600 標準）,apps/web/public/market-assets/510147856e9642ccbe593904b90c203598b578cbc7fc992cd6e0bfb9d4aaa64f.webp
149,Charizard EX,090/087,pokemon,135,tcg300#135,fail,pass,pass,否,716x996,0.7034,0.0,0.0032,白角 4/4（圓弧外係實心白背景）；畫布 716x996（非 429x600 標準）,apps/web/public/market-assets/d03962c4978af2161cb2b0ecafc6fb17281e7bdb22e53a8856d6649790799701.webp
161,Greninja Star,SWSH144,pokemon,136,tcg300#136,pass,未檢查,pass,是,437x610,0.0,0.0,0.0,三項都過；畫布 437x610（非 429x600 標準）,apps/web/public/market-assets/cb74c665aeb2c6baf50dfef6400b19c6de9720ecc4f94ecb738d7cfcd6649b3c.webp
165,Venusaur ex,200/165,pokemon,137,tcg300#137,pass,未檢查,pass,否,640x910,0.1655,0.0,0.0023,三項都過；畫布 640x910（非 429x600 標準）,apps/web/public/market-assets/23245709f89fe3115e18043551a5abb5f721526a91809f08e3d65e34bd5cb1d0.webp
155,Arceus VSTAR,262/172,pokemon,138,tcg300#138,fail,pass,pass,否,706x1000,0.4661,0.0,0.003,淺色方角 2/4（圓弧外係淺灰背景）；畫布 706x1000（非 429x600 標準）,apps/web/public/market-assets/b699423510e7f2f7f642367a3542cff66a523cb4b68fd5770fdc5d40c0509d1e.webp
167,Pikachu Seven-Eleven,001/S-P,pokemon,139,tcg300#139,pass,未檢查,suspect,是,441x610,0.0935,0.0,0.7078,白邊（內環白佔 71%）；畫布 441x610（非 429x600 標準）,apps/web/public/market-assets/6068a9178ee4440416d66e72cf344ac589a6013a39c8d028a23339f32cd7ea6e.webp
158,Easter's Pikachu,055/SM-P,pokemon,141,tcg300#141,pass,未檢查,pass,是,427x610,0.0,0.0,0.0,三項都過；畫布 427x610（非 429x600 標準）,apps/web/public/market-assets/bbedc60e785712b9880d86f501d12af0a2941082ff3e3310c715a8fcf3b29da4.webp
169,Member Pretend Pikachu,014/SM-P,pokemon,142,tcg300#142,pass,未檢查,pass,是,429x600,0.0,0.0,0.0,三項都過,apps/web/public/market-assets/e4ea3e9483a4c8e721193c9ac6e497cf9df0d2e6d6877a0fb45244ae4f72ce67.webp
174,Solgaleo & Lunala GX,063/049,pokemon,143,tcg300#143,fail,pass,pass,否,716x996,0.9859,0.0,0.0607,白角 4/4（圓弧外係實心白背景）；畫布 716x996（非 429x600 標準）,apps/web/public/market-assets/a55f959f35de2abab0a410a7e3a4967ca76dadd4572d7b90f39e6c3aac1bc23f.webp
170,Eevee,62/SV-P,pokemon,144,tcg300#144,pass,未檢查,pass,是,429x600,0.0,0.0,0.0149,三項都過,apps/web/public/market-assets/04e5801af7088fcdcde442aa9b63b81ad084347c767eb32be8a6ade3951fb603.webp
184,Mega Rayquaza EX,095/081,pokemon,147,tcg300#147,fail,pass,pass,否,716x998,0.8842,0.0,0.0079,白角 4/4（圓弧外係實心白背景）；畫布 716x998（非 429x600 標準）,apps/web/public/market-assets/791b29a28fcccf387ec5ed8ba24e686673275b293f3c6514c8f55f7f2d7dc5de.webp
186,Pikachu,224/SM-P,pokemon,148,tcg300#148,fail,pass,suspect,否,715x995,1.0,0.0,0.1389,白角 4/4（圓弧外係實心白背景）；白邊（內環白佔 14%）；畫布 715x995（非 429x600 標準）,apps/web/public/market-assets/2e71ab04322e6c764a9d8e2251384341d3f064f7a866547bd6b07eb124ab0c34.webp
176,Pikachu,173/165,pokemon,149,tcg300#149,fail,pass,pass,否,640x914,0.4014,0.0,0.0014,淺色方角 1/4（圓弧外係淺灰背景）；畫布 640x914（非 429x600 標準）,apps/web/public/market-assets/aab3feed1580831db9d5fe1a27b0a08da88fd3bf28dd8e6c44fadfee97f91807.webp
108,Mega Charizard X ex,223/193,pokemon,150,tcg300#150,pass,未檢查,pass,是,429x600,0.0,0.0,0.0,三項都過,apps/web/public/market-assets/1ff3ce88c1f7f292c2bb8bd6ebe7fb7d2d46a63added5912aafafb2910163a8c.webp
181,Erika's Hospitality,190/173,pokemon,151,tcg300#151,fail,pass,pass,否,716x999,1.0,0.0,0.0569,白角 4/4（圓弧外係實心白背景）；畫布 716x999（非 429x600 標準）,apps/web/public/market-assets/fd2b368c2e988e3902851f6d8a350e9d6bc6865bf9058607ce8756905a729e47.webp
193,Glaceon ex,206/187,pokemon,152,tcg300#152,fail,pass,pass,否,586x817,0.0413,0.0,0.0029,淺色方角 2/4（圓弧外係淺灰背景）；畫布 586x817（非 429x600 標準）,apps/web/public/market-assets/8bbd6b4aad02c055ca9801e03198c78c6b365e9d50d8c0dd1017bbd3d2a550f6.webp
182,Leafeon ex,200/187,pokemon,153,tcg300#153,fail,pass,pass,否,716x1000,0.8192,0.0,0.0033,白角 3/4（圓弧外係實心白背景）；畫布 716x1000（非 429x600 標準）,apps/web/public/market-assets/46f1a3f27f6e987af32185d9a5e586ab262530b4f27a0d2d9473b134822abf50.webp
177,Blastoise ex,202/165,pokemon,154,tcg300#154,pass,未檢查,pass,否,640x903,0.419,0.0,0.0007,三項都過；畫布 640x903（非 429x600 標準）,apps/web/public/market-assets/ae919572056d359e3fd29aa78d2f4a5f0dd7cc69c3ce9d9a0654b47a86bf0b45.webp
183,Lillie's Full Force,068/049,pokemon,155,tcg300#155,fail,pass,pass,否,716x996,0.9972,0.0,0.0356,白角 4/4（圓弧外係實心白背景）；畫布 716x996（非 429x600 標準）,apps/web/public/market-assets/9926f82846026ceb52de0f5f773139b662d03f0d13b4d7075588ed523ecd6a43.webp
172,Moltres & Zapdos & Articuno GX,060/054,pokemon,156,tcg300#156,pass,未檢查,pass,是,429x600,0.0,0.0,0.0,三項都過,apps/web/public/market-assets/90a8f7d8e62a852d474e137274acc490ef994da213e0f744e3cbff3c6ef62fde.webp
185,Marnie,068/060,pokemon,157,tcg300#157,fail,pass,pass,否,716x1000,0.8701,0.0,0.0501,白角 4/4（圓弧外係實心白背景）；畫布 716x1000（非 429x600 標準）,apps/web/public/market-assets/6f98dd93933bd0b3911ce466cc16cdf34a2e16d851cf7c5bbbb49f8436e34aed.webp
190,Shining Magikarp,010/025,pokemon,158,tcg300#158,fail,pass,pass,否,716x1000,0.709,0.0,0.0052,白角 4/4（圓弧外係實心白背景）；畫布 716x1000（非 429x600 標準）,apps/web/public/market-assets/b85e7d607e7f4621afbcb0c884609268eb165d375a2c60f7b4cdc4f9761731de.webp
189,Pikachu,073/071,pokemon,161,tcg300#161,fail,pass,pass,否,716x1000,0.8672,0.0,0.0725,白角 4/4（圓弧外係實心白背景）；畫布 716x1000（非 429x600 標準）,apps/web/public/market-assets/777ad3a2add156d2aba7ea5ea22d2461b5b1cd86dec68ac2ec11740a88743c34.webp
179,Mew,030/028,pokemon,163,tcg300#163,pass,未檢查,pass,否,565x800,0.0578,0.0,0.0027,三項都過；畫布 565x800（非 429x600 標準）,apps/web/public/market-assets/34481ead7a8267a3e9f1b9805643b3f9dace11a06b915b2ef1ba219695300095.webp
198,Pikachu wearing a poncho,037/SM-P,pokemon,164,tcg300#164,pass,未檢查,pass,是,430x610,0.0,0.0,0.0,三項都過；畫布 430x610（非 429x600 標準）,apps/web/public/market-assets/54f0739b8d2249405c61ef1682fa32bd8d4b39aca2c186ffc9d8cf857bfe16ba.webp
195,Charizard V,307/190,pokemon,165,tcg300#165,fail,未檢查,pass,否,716x1000,0.8333,0.0,0.0064,白角 4/4（圓弧外係實心白背景）；畫布 716x1000（非 429x600 標準）,apps/web/public/market-assets/38d361ee6fbb1263ebec77323d1836366f4ce97359ddb30f46a26c5d8ea73427.webp
160,Lillie's Clefairy ex,126/100,pokemon,166,tcg300#166,pass,未檢查,pass,否,640x903,0.507,0.0,0.0012,三項都過；畫布 640x903（非 429x600 標準）,apps/web/public/market-assets/d62617e73bd4546a3d2bc44fefc08f7ad150513c43dbcf4203fb419551863f29.webp
212,Flareon,065/SV-P,pokemon,167,tcg300#167,pass,未檢查,pass,是,441x610,0.0,0.0,0.0179,三項都過；畫布 441x610（非 429x600 標準）,apps/web/public/market-assets/9367b036d56c3a337ed56f2980bd29c4c5660da28ebb989090d1b23e3705acc9.webp
191,Vaporeon ex,205/187,pokemon,168,tcg300#168,fail,未檢查,pass,否,651x907,0.0404,0.0,0.0015,淺色方角 2/4（圓弧外係淺灰背景）；畫布 651x907（非 429x600 標準）,apps/web/public/market-assets/6727137210987d24ce21773a23d910dd7cd4200aba1eaba319ef41ce0706710f.webp
204,Gengar & Mimikyu GX,038/095,pokemon,169,tcg300#169,fail,未檢查,pass,否,716x997,0.9972,0.0,0.033,白角 4/4（圓弧外係實心白背景）；畫布 716x997（非 429x600 標準）,apps/web/public/market-assets/cbb93e8427f92ed9bc6a9742b00aca545418fea20efc64622dcfb6b0868b01fc.webp
201,Okuge,221/XY-P,pokemon,170,tcg300#170,pass,未檢查,pass,是,429x600,0.0,0.0,0.0,三項都過,apps/web/public/market-assets/b17a8074b2cb64d3a515dc5dfd94f79fde6946cc89ab8272bfac2582a264fadb.webp
213,Armored Mewtwo,365/SM-P,pokemon,171,tcg300#171,fail,未檢查,pass,否,715x994,1.0,0.0,0.0694,白角 4/4（圓弧外係實心白背景）；畫布 715x994（非 429x600 標準）,apps/web/public/market-assets/ba23e15834bac16ed1fb33cc39629972e926dab93868cf20cf5ae2cf238efd93.webp
207,Rosa,067/049,pokemon,172,tcg300#172,fail,未檢查,pass,否,716x996,0.9972,0.0,0.0361,白角 4/4（圓弧外係實心白背景）；畫布 716x996（非 429x600 標準）,apps/web/public/market-assets/4fd26cf793d96ad14fb2aa89fb19e74c3308b89b5d8dbb9f6049803b5cc297be.webp
205,Mew,183/172,pokemon,173,tcg300#173,fail,未檢查,pass,否,707x1000,0.726,0.0,0.0086,白角 1/4（圓弧外係實心白背景）；畫布 707x1000（非 429x600 標準）,apps/web/public/market-assets/08fc406518002ae230473ad044b2ef5ecaa4f58e935fd7d92e2c4f79f20485a6.webp
214,Flareon ex,202/187,pokemon,174,tcg300#174,fail,未檢查,pass,否,531x746,0.598,0.0,0.0034,淺色方角 2/4（圓弧外係淺灰背景）；畫布 531x746（非 429x600 標準）,apps/web/public/market-assets/f8bda95ddcfda9c3c30b54e7851a689d4a0193a4736c199c67b570242d6189fd.webp
219,Jolteon ex,209/187,pokemon,175,tcg300#175,fail,未檢查,pass,否,515x721,0.5326,0.0,0.0045,淺色方角 2/4（圓弧外係淺灰背景）；畫布 515x721（非 429x600 標準）,apps/web/public/market-assets/09a5e2a5396a7f961f77f779e1a93a9ba794e4e82dc732cc17aaf1383c1981f7.webp
215,Team Rocket's Mewtwo ex,237/193,pokemon,176,tcg300#176,pass,未檢查,pass,是,429x600,0.0,0.0,0.0,三項都過,apps/web/public/market-assets/0d3ea77a0a6f80df353f1e2de7f2ab48abd45cdbec95cd6595fc225758b93f45.webp
222,Marnie,198/190,pokemon,177,tcg300#177,fail,未檢查,pass,否,716x1000,0.8531,0.0,0.0431,白角 4/4（圓弧外係實心白背景）；畫布 716x1000（非 429x600 標準）,apps/web/public/market-assets/d1d221cf519708ecab1b7b2782c5adf418588e282181b0955858c9f96d6e6374.webp
187,Eevee ex,224/187,pokemon,178,tcg300#178,fail,未檢查,pass,否,716x1000,0.8362,0.0,0.0033,白角 2/4（圓弧外係實心白背景）；畫布 716x1000（非 429x600 標準）,apps/web/public/market-assets/dda1389bfc250ca09105c3ab5bfb2e17ec4350f07e2a59ad3333407e4f3b6558.webp
210,M Rayquaza EX,024/025,pokemon,179,tcg300#179,fail,未檢查,pass,否,716x1000,0.8136,0.0,0.004,白角 4/4（圓弧外係實心白背景）；畫布 716x1000（非 429x600 標準）,apps/web/public/market-assets/aacf41dda8524c88519744a2d158f3878220d59d08ccd88eac79c98c80ce7fd9.webp
218,Leafeon,068/SV-P,pokemon,180,tcg300#180,pass,未檢查,pass,是,441x610,0.0,0.0,0.0185,三項都過；畫布 441x610（非 429x600 標準）,apps/web/public/market-assets/09df78fc005c761d628280b2d09b349e359b6c8a933d505768047652742e9207.webp
229,Mega Dragonite ex,250/193,pokemon,181,tcg300#181,pass,未檢查,pass,是,429x600,0.0,0.0,0.0,三項都過,apps/web/public/market-assets/a8d59923130b77ec7d8a50ca1cec3ee1b787d59b703f0688ff238a71e4f7f45c.webp
223,Rayquaza VMAX,252/184,pokemon,182,tcg300#182,fail,未檢查,pass,否,716x1000,0.8023,0.0,0.0212,白角 4/4（圓弧外係實心白背景）；畫布 716x1000（非 429x600 標準）,apps/web/public/market-assets/fc8ede328c81069909669e8efda8ff0594260fde235ebb46ae784fd15c94cbe3.webp
196,Mewtwo,183/165,pokemon,183,tcg300#183,fail,未檢查,pass,否,500x711,0.625,0.0,0.0017,白角 1/4（圓弧外係實心白背景）；畫布 500x711（非 429x600 標準）,apps/web/public/market-assets/bb754c9555389a215eef6d89ecb20a44d7ce56d50a8e4d7cd03ec9ad0ac70aa9.webp
233,Kanazawa Pikachu No Mark S-P,147/S-P,pokemon,184,tcg300#184,pass,未檢查,pass,是,441x610,0.0,0.0,0.1129,三項都過；畫布 441x610（非 429x600 標準）,apps/web/public/market-assets/eb409f5315678421546a4447f1f9a02fef2c5bcc2e0e7ee8c5fe91f0397a266a.webp
241,Eevee ex,223/187,pokemon,185,tcg300#185,fail,未檢查,pass,否,669x935,0.0439,0.0,0.003,淺色方角 2/4（圓弧外係淺灰背景）；畫布 669x935（非 429x600 標準）,apps/web/public/market-assets/79280618f4167415fb04b72c4ab23e03dddaa51d76a190d924a99c28085288c9.webp
248,Arceus & Dialga & Palkia GX,100/095,pokemon,186,tcg300#186,fail,未檢查,pass,否,716x996,0.9831,0.0,0.0594,白角 4/4（圓弧外係實心白背景）；畫布 716x996（非 429x600 標準）,apps/web/public/market-assets/508cbf9f71b2c2275504e42d656ca2eaba3871c1606584a86717da137ecdcf05.webp
235,Umbreon,092/187,pokemon,187,tcg300#187,pass,未檢查,pass,是,429x600,0.0,0.0,0.0,三項都過,apps/web/public/market-assets/ff0f23e1bd1d24a9f85cd25c5358eb9ad82fe711e47d0fe2813f093b243c52a9.webp
243,Reshiram & Zekrom GX,064/049,pokemon,188,tcg300#188,fail,未檢查,pass,否,716x996,0.9859,0.0,0.0594,白角 4/4（圓弧外係實心白背景）；畫布 716x996（非 429x600 標準）,apps/web/public/market-assets/500dcb9de0109e869f60230a86d7fef2f35c2eba37c05f2d69f1f6ff69d58614.webp
251,Mega Gardevoir ex,087/063,pokemon,189,tcg300#189,pass,未檢查,fail,是,429x600,0.0,2.0,0.0,歪斜（卡面邊緣斜 2px）,apps/web/public/market-assets/488a1230b0f0a4a27327e34f39f3cda40dd195a2658d7d071e87dd2246c8a3d6.webp
236,Yokohama's Pikachu,283/SM-P,pokemon,190,tcg300#190,fail,未檢查,pass,否,716x996,1.0,0.0,0.0987,白角 4/4（圓弧外係實心白背景）；畫布 716x996（非 429x600 標準）,apps/web/public/market-assets/1cbcd9765d761006c2b210ed50c0cc3162616bf468cf76de8b5e47b3423f3b58.webp
237,Pikachu,242/SV-P,pokemon,191,tcg300#191,pass,未檢查,pass,是,433x609,0.0,0.0,0.0002,三項都過；畫布 433x609（非 429x600 標準）,apps/web/public/market-assets/1a2a969c4800b7cd32be18758a94a831967cb60a4d3b4d9877f8ebfa11586fef.webp
246,Blastoise,003/025,pokemon,192,tcg300#192,fail,未檢查,pass,否,500x698,0.6685,0.0,0.0057,白角 3/4（圓弧外係實心白背景）；畫布 500x698（非 429x600 標準）,apps/web/public/market-assets/a982f67312d7c6948b4cd59186bbe8464cf4587fd6cca0587195a7eeb38b8277.webp
255,Reshiram ex,168/086,pokemon,193,tcg300#193,pass,未檢查,pass,否,320x452,0.3333,0.0,0.002,三項都過；畫布 320x452（非 429x600 標準）,apps/web/public/market-assets/c3a6a6cd05ebb38c8efcfc18f436fbf3f9d372beb8694a47db8cde04047376eb.webp
254,Zapdos ex,204/165,pokemon,194,tcg300#194,fail,未檢查,pass,否,640x900,0.5669,0.0,0.0026,淺色方角 1/4（圓弧外係淺灰背景）；畫布 640x900（非 429x600 標準）,apps/web/public/market-assets/5502fbcdbab8f0173466a638852b39436ae98a9b23d7cb2400fa6f12fe0fb4fb.webp
264,Pikachu,120/SV-P,pokemon,195,tcg300#195,pass,未檢查,pass,是,434x609,0.0,0.0,0.0148,三項都過；畫布 434x609（非 429x600 標準）,apps/web/public/market-assets/e15496da37fc499a84bf096ecabee6e0997e0bbc90b976af2a24168227399aee.webp
265,Venusaur,002/025,pokemon,196,tcg300#196,fail,未檢查,pass,否,600x838,0.6181,0.0,0.0048,白角 2/4（圓弧外係實心白背景）；畫布 600x838（非 429x600 標準）,apps/web/public/market-assets/0cf6f2c358bdb95e02f3cba18760b71b2b1b0e0861d748953bbf4f03008d78d3.webp
260,Charmander,168/165,pokemon,197,tcg300#197,fail,未檢查,pass,否,640x905,0.7359,0.0,0.0223,白角 2/4（圓弧外係實心白背景）；畫布 640x905（非 429x600 標準）,apps/web/public/market-assets/b89b02d2abcae035cefeb43fe195fafd5e6e35426eeef19c8f2a2ddece394844.webp
252,Pikachu VMAX,223/184,pokemon,199,tcg300#199,fail,未檢查,pass,否,716x1000,0.8023,0.0,0.0308,白角 4/4（圓弧外係實心白背景）；畫布 716x1000（非 429x600 標準）,apps/web/public/market-assets/f7d3e02b385c90b5decda1fa732bd51fbf3ca9ff3417290392a14c3b8c08ec94.webp
270,Pikachu ex,136/106,pokemon,200,tcg300#200,pass,未檢查,pass,是,429x600,0.0,1.0,0.0283,三項都過,apps/web/public/market-assets/199b34251bcf8a0beaab36cc2d4a85cec39bd861c26eaa2de44a144d95501e08.webp
280,Mew V,106/100,pokemon,201,tcg300#201,fail,未檢查,pass,否,716x1000,0.8418,0.0,0.0118,白角 4/4（圓弧外係實心白背景）；畫布 716x1000（非 429x600 標準）,apps/web/public/market-assets/a921348b4fd99b466fb7a14cfd4e53941fe3de561b245c1a839956f12cf11fd3.webp
282,Cynthia's Garchomp ex,087/063,pokemon,202,tcg300#202,pass,未檢查,pass,是,429x600,0.0,0.0,0.0549,三項都過,apps/web/public/market-assets/13cbc4fcc5da1462e42e042a3bc62af70be2427cc3f2dfbd61a695da57d4728c.webp
253,Zekrom ex,169/086,pokemon,203,tcg300#203,pass,未檢查,pass,否,320x452,0.3827,0.0,0.0026,三項都過；畫布 320x452（非 429x600 標準）,apps/web/public/market-assets/1301caa97d8b63f729041aca5f8c15fb1553c77fab4d245518d394499fd45292.webp
266,Mew ex,014/025,pokemon,204,tcg300#204,fail,未檢查,pass,否,500x698,0.8043,0.0,0.0057,白角 4/4（圓弧外係實心白背景）；畫布 500x698（非 429x600 標準）,apps/web/public/market-assets/ccda130c4412c68f368d97ddc6b65720509d99e9f720b3a1ac7871c63dbaa292.webp
297,M Gengar EX,079/XY-P,pokemon,206,tcg300#206,pass,未檢查,pass,是,430x610,0.0,0.0,0.0,三項都過；畫布 430x610（非 429x600 標準）,apps/web/public/market-assets/69601e18b9f7c73bcf22e370a6239970a5a25090346fa708f0f93cf2145cd66c.webp
277,Pikachu VMAX,114/100,pokemon,208,tcg300#208,pass,未檢查,pass,是,429x600,0.0,0.0,0.023,三項都過,apps/web/public/market-assets/af63a025cd49c80f416c799ca9f8c23186177a1341ab8e1eec61a509ae3faefc.webp
292,Pikachu VMAX,123/S-P,pokemon,209,tcg300#209,pass,未檢查,pass,是,430x610,0.0,0.0,0.0,三項都過；畫布 430x610（非 429x600 標準）,apps/web/public/market-assets/f7ec8a5ddce457e4e17380058b8a7ba75c57670ec3e6206cb9fc8217c488d37a.webp
325,Reshiram,020/025,pokemon,210,tcg300#210,fail,未檢查,pass,否,500x698,0.7989,0.0,0.0212,白角 4/4（圓弧外係實心白背景）；畫布 500x698（非 429x600 標準）,apps/web/public/market-assets/e44221cd3f226fe0ca3acdfad64959f9028c4d29cb09c0efd4f1bc9f663f3e45.webp
295,Charizard V,211/172,pokemon,211,tcg300#211,pass,未檢查,pass,否,709x1000,0.3898,0.0,0.0019,三項都過；畫布 709x1000（非 429x600 標準）,apps/web/public/market-assets/008210e875fa5bc26d67a0b80d00e527a175d095d2a49b3241e0ff8adf000c95.webp
288,Pikachu ex,236/187,pokemon,212,tcg300#212,fail,未檢查,pass,否,716x1000,0.6328,0.0,0.0038,白角 4/4（圓弧外係實心白背景）；畫布 716x1000（非 429x600 標準）,apps/web/public/market-assets/98311f75bbc67210fb09e77d8ecb444d2154a0e2b7ae2b79f304aca5ac7f4ef1.webp
300,Zekrom,021/025,pokemon,213,tcg300#213,fail,未檢查,pass,否,500x698,0.8098,0.0,0.005,白角 4/4（圓弧外係實心白背景）；畫布 500x698（非 429x600 標準）,apps/web/public/market-assets/e3ac73e14f95be293ec1f93369ba9dda31832205b9f0803439b590e9e42221f5.webp
275,Pikachu,124/S-P,pokemon,214,tcg300#214,pass,未檢查,pass,是,430x610,0.0,0.0,0.0,三項都過；畫布 430x610（非 429x600 標準）,apps/web/public/market-assets/78415017c4b2eaefde6269305222149a27e1685df605daa1cb573beb216a781b.webp
324,Mega Lucario ex,088/063,pokemon,215,tcg300#215,pass,未檢查,pass,是,429x600,0.0,1.0,0.0,三項都過,apps/web/public/market-assets/5f66b7da4b1d7a191e0c31db4706595547b54412daeeee98ea960ccae4cfa560.webp
320,Pikachu,236/190,pokemon,216,tcg300#216,fail,未檢查,pass,否,640x912,0.5317,0.0,0.0035,淺色方角 1/4（圓弧外係淺灰背景）；畫布 640x912（非 429x600 標準）,apps/web/public/market-assets/1df71af1d308d9118b253c201f0ed797e7737808e434b0c8bf5ee251fe6276fd.webp
332,Pikachu V,222/184,pokemon,217,tcg300#217,fail,未檢查,pass,否,716x1000,0.8333,0.0,0.0052,白角 4/4（圓弧外係實心白背景）；畫布 716x1000（非 429x600 標準）,apps/web/public/market-assets/045997c12c519d296ab342bbb5621c33dd35bb71b395f425eeed5ebbb916c926.webp
335,Cynthia,070/066,pokemon,218,tcg300#218,pass,未檢查,suspect,是,429x600,0.0,0.0,0.2738,白邊（內環白佔 27%）,apps/web/public/market-assets/80ab314d6e895dcbf348e27ee36b6bdf223f700ec095af8f35e3da34496726d4.webp
337,Lusamine,055/050,pokemon,219,tcg300#219,pass,未檢查,pass,是,429x600,0.0,0.0,0.0139,三項都過,apps/web/public/market-assets/d3254995fd00558a0196aa57a0a839c3aa05aafa068ec4d69193c59e16af2f1d.webp
333,Gengar,074/071,pokemon,220,tcg300#220,pass,未檢查,suspect,是,429x600,0.0,0.0,0.3959,白邊（內環白佔 40%）,apps/web/public/market-assets/1f178757c0166e85568b41d1d716547587951ed9b01eac4f0e35c6b881ddc33b.webp
339,Mega Gengar ex,230/193,pokemon,221,tcg300#221,pass,未檢查,pass,是,429x600,0.0,0.0,0.0,三項都過,apps/web/public/market-assets/5914f75a420e1b6515b8c8cc13a8afca52440122eec62d6a5421a37c8624eec0.webp
348,Carmine,130/101,pokemon,222,tcg300#222,pass,未檢查,pass,否,640x905,0.3908,0.0,0.0033,三項都過；畫布 640x905（非 429x600 標準）,apps/web/public/market-assets/0c3e2f202a40851bdf60acbd5efb8b02efece8608e9a6ec624aa18e079def5fa.webp
336,Meowth,192/SV-P,pokemon,223,tcg300#223,pass,未檢查,suspect,是,430x610,0.0,1.0,0.124,白邊（內環白佔 12%）；畫布 430x610（非 429x600 標準）,apps/web/public/market-assets/18e05fde8b46fc5b491e909e14a5af2bb03ea48e942ee17d1a4062c3c6170c33.webp
349,Gardevoir EX,019/032,pokemon,224,tcg300#224,fail,未檢查,fail,否,716x999,1.0,10.0,0.0553,白角 4/4（圓弧外係實心白背景）；歪斜（卡面邊緣斜 10px）；畫布 716x999（非 429x600 標準）,apps/web/public/market-assets/949deccb19752d01c1de367391dd3f77eb8c05fdf931fcd277f8eeec016f530e.webp
340,Mewtwo V,074/071,pokemon,225,tcg300#225,pass,未檢查,pass,是,429x600,0.0,1.0,0.0,三項都過,apps/web/public/market-assets/7493214634cff5430601bfa03c6b1e27d59987058f9b3ea7f48d066a23d49739.webp
343,Pikachu,001/028,pokemon,226,tcg300#226,pass,未檢查,fail,是,429x600,0.0,2.0,0.2496,歪斜（卡面邊緣斜 2px）；白邊（內環白佔 25%）,apps/web/public/market-assets/8a3544aa75a13f511ce17932e54da46e95aa8e71c58dc01ae2d07c1a470774f7.webp
345,Pikachu VMAX,279/184,pokemon,227,tcg300#227,pass,未檢查,pass,否,711x1000,0.3503,0.0,0.003,三項都過；畫布 711x1000（非 429x600 標準）,apps/web/public/market-assets/4e442267a72080355477e3bb50c5308d320c0be2a520e502f75517e69458b78d.webp
344,Pikachu,272/S-P,pokemon,228,tcg300#228,fail,未檢查,pass,否,716x1000,0.8701,0.0,0.0108,白角 4/4（圓弧外係實心白背景）；畫布 716x1000（非 429x600 標準）,apps/web/public/market-assets/da3a4068c26e27403713c2182d297dda80ff6c8854efe854186817bdef90e0d0.webp
350,Shadow Rider Calyrex VMAX,086/070,pokemon,229,tcg300#229,fail,未檢查,pass,否,716x1000,0.7599,0.0,0.0199,白角 4/4（圓弧外係實心白背景）；畫布 716x1000（非 429x600 標準）,apps/web/public/market-assets/cdce8fcec38567f27c833e0153ae8cc19aa503d7d6f8ac0961dbbb3eaae39eba.webp
351,Shining Rayquaza,057/072,pokemon,230,tcg300#230,fail,未檢查,pass,否,715x994,1.0,0.0,0.0924,白角 4/4（圓弧外係實心白背景）；畫布 715x994（非 429x600 標準）,apps/web/public/market-assets/792bc167c9b007f828fe522cb94f189a672a897e8222c1b62db295fa72cc92cc.webp
357,Mega Charizard X ex,094/080,pokemon,231,tcg300#231,pass,未檢查,pass,否,708x1000,0.3842,0.0,0.0015,三項都過；畫布 708x1000（非 429x600 標準）,apps/web/public/market-assets/62b53ecb137c79b3e98aa83ead74cf3ee191e404e1027d004a97b3e5b6e5716d.webp
352,Pikachu ex,122/106,pokemon,232,tcg300#232,pass,未檢查,pass,是,429x600,0.0,0.0,0.0,三項都過,apps/web/public/market-assets/9a6d7e5dbc3ec556125011bad393075b852e7eaf067e2ef04bc047483e916745.webp
358,Pikachu VMAX,265/S-P,pokemon,233,tcg300#233,pass,未檢查,pass,是,430x610,0.0,0.0,0.0081,三項都過；畫布 430x610（非 429x600 標準）,apps/web/public/market-assets/557009c56611463d1fd9e395254bf4a0087c4318e74fba313eb2a76a580e0145.webp
353,Mewtwo,150/165,pokemon,234,tcg300#234,pass,未檢查,pass,是,429x600,0.0,0.0,0.0047,三項都過,apps/web/public/market-assets/6e175574f56ac7a952e51cf751ba3e63a74f0b47531ce1df0471aa6cfcb1a4ba.webp
356,Roaring Moon ex,218/187,pokemon,235,tcg300#235,fail,未檢查,pass,否,600x838,0.7953,0.0,0.0028,白角 4/4（圓弧外係實心白背景）；畫布 600x838（非 429x600 標準）,apps/web/public/market-assets/26d3a1532adb2147bfae753c325fdacf6bf7bee4812c189d42f39e8cce1ae25b.webp
359,Charizard ex,185/165,pokemon,236,tcg300#236,pass,未檢查,pass,否,640x902,0.3627,0.0,0.0019,三項都過；畫布 640x902（非 429x600 標準）,apps/web/public/market-assets/a06cffbffeb699acd9fad7f0491709246e896707bde802adfd4d8bdd196baa8b.webp
363,Lillie's Determination,086/063,pokemon,237,tcg300#237,pass,未檢查,pass,是,429x600,0.0,0.0,0.0,三項都過,apps/web/public/market-assets/02246c3d44a2ba79c002b99f143f3346ec935d3213f497424a5c446ff54a0675.webp
362,Mewtwo EX,022/025,pokemon,238,tcg300#238,fail,未檢查,pass,否,716x1000,0.7938,0.0,0.0043,白角 4/4（圓弧外係實心白背景）；畫布 716x1000（非 429x600 標準）,apps/web/public/market-assets/0c2aab4a8115347098bb2f917a09cbb8b926d58b5bd76e84e690955c413cd8e2.webp
341,Ethan's Ho,086/063,pokemon,239,tcg300#239,pass,未檢查,pass,是,429x600,0.0,0.0,0.0398,三項都過,apps/web/public/market-assets/1e027c030b9764bbfad6cb07d272d01f499c56918f4425884bb6c4b257dd24ba.webp
364,Oricorio ex,111/080,pokemon,240,tcg300#240,pass,未檢查,pass,否,710x1000,0.4689,0.0,0.0011,三項都過；畫布 710x1000（非 429x600 標準）,apps/web/public/market-assets/49bbc5a1d89899acf4a966582a4ca9b30781d83a0fd9bf8fbc602d7a2422f08b.webp
369,Cynthia,153/150,pokemon,241,tcg300#241,pass,未檢查,pass,是,429x600,0.0,0.0,0.0009,三項都過,apps/web/public/market-assets/aac38be40f5fb27390db9a346e23ee7dbd732babe289b44d47ceeaa8c39395f7.webp
365,Dark Gyarados,005/025,pokemon,243,tcg300#243,fail,未檢查,pass,否,500x698,0.6739,0.0,0.0042,白角 4/4（圓弧外係實心白背景）；畫布 500x698（非 429x600 標準）,apps/web/public/market-assets/d343abef9e641d04c040ede5cf0b47c2c13db715f84b8d46adbb637ce10c2d14.webp
370,Mewtwo & Mew GX,052/173,pokemon,244,tcg300#244,fail,未檢查,pass,否,716x997,0.9718,0.0,0.0309,白角 4/4（圓弧外係實心白背景）；畫布 716x997（非 429x600 標準）,apps/web/public/market-assets/6a85e1486160f668f82b969d13f64b243740daf65a6c2434666f9e45e9bda8fe.webp
368,Radiant Charizard,011/071,pokemon,245,tcg300#245,fail,未檢查,pass,否,716x1000,0.8729,0.0,0.0022,白角 4/4（圓弧外係實心白背景）；畫布 716x1000（非 429x600 標準）,apps/web/public/market-assets/c72cdf662d0fa3a311a28d22871e82b29081317e385cefa1c2ec09a0c38de3b2.webp
374,Team Rocket's Moltres ex,124/098,pokemon,246,tcg300#246,pass,未檢查,pass,是,429x600,0.0,1.0,0.0113,三項都過,apps/web/public/market-assets/e17ec1790b0106e06b7cd1f7e62370efb6c9a64965b9b08c26389b85f853b700.webp
375,Mega Dragonite ex,232/193,pokemon,247,tcg300#247,pass,未檢查,pass,是,429x600,0.0,0.0,0.0,三項都過,apps/web/public/market-assets/ef2d106095d12d58cd54837f1c7e950c6a10899ce2e7b34a32f42e2375bbff25.webp
373,Psyduck,199/193,pokemon,248,tcg300#248,pass,未檢查,pass,是,429x600,0.0,0.0,0.0604,三項都過,apps/web/public/market-assets/489b0998a2cfa3b9a5ba505807abd9dbc68ee83352091e143d0be253f677453c.webp
378,Pikachu,197/SV-P,pokemon,249,tcg300#249,pass,未檢查,pass,是,430x609,0.0,0.0,0.0019,三項都過；畫布 430x609（非 429x600 標準）,apps/web/public/market-assets/52fdb475a31bbbf309813db2f8aee6a9acd3bbe4cf03598fd7b7a21be0a49435.webp
379,Green's Exploration,061/054,pokemon,250,tcg300#250,fail,未檢查,pass,否,716x999,0.9972,0.0,0.0617,白角 4/4（圓弧外係實心白背景）；畫布 716x999（非 429x600 標準）,apps/web/public/market-assets/ea905b5e6415a191e4444b24a7c01190d5697564721d3775e7bf8b94e69bab92.webp
273,Haunter,022/021,pokemon,251,tcg300#251,pass,未檢查,pass,是,429x600,0.0,0.0,0.0,三項都過,apps/web/public/market-assets/2ea8b1f32b6cd087b23f9a224cf9427f8098f381a3e0f578fe62d12369e1d3d3.webp
381,Meowth ex,114/080,pokemon,252,tcg300#252,pass,未檢查,pass,是,429x600,0.0,0.0,0.0,三項都過,apps/web/public/market-assets/83b251c7e2e6f749fd5fda5230a722e959f4770734056e64b6d43640d90693b2.webp
383,Rosa's Encouragement,115/080,pokemon,253,tcg300#253,pass,未檢查,pass,是,429x600,0.0,0.0,0.0,三項都過,apps/web/public/market-assets/4ee23920dbfa2e00c71d8d55eceb0b9efc8525cf735c7c7f51cf0317cbdcb515.webp
380,Gengar VMAX,002/019,pokemon,254,tcg300#254,fail,未檢查,pass,否,716x1000,0.791,0.0,0.0282,白角 4/4（圓弧外係實心白背景）；畫布 716x1000（非 429x600 標準）,apps/web/public/market-assets/3cc8cdc751ebc8b82787c936893175287e42699694e95733128b80a15e178338.webp
384,Darkrai VSTAR,228/172,pokemon,255,tcg300#255,fail,未檢查,pass,否,706x1000,0.5,0.0,0.0058,淺色方角 2/4（圓弧外係淺灰背景）；畫布 706x1000（非 429x600 標準）,apps/web/public/market-assets/77dd4568875c866208c596fe406da112ec27aa45f4b628e278723b1fd6cea34c.webp
389,Mega Latias ex,088/063,pokemon,256,tcg300#256,pass,未檢查,pass,是,429x600,0.0,0.0,0.0,三項都過,apps/web/public/market-assets/fd1286481ca10943da962451a616a5dd2812f049da4d5505a7cff3ffccd7f27e.webp
387,Mega Gengar ex,003/021,pokemon,257,tcg300#257,fail,未檢查,pass,否,716x1000,0.8362,0.0,0.0036,白角 4/4（圓弧外係實心白背景）；畫布 716x1000（非 429x600 標準）,apps/web/public/market-assets/af3aa791d70698dcd4a483b085b3b0d5eb1d9563c300ba8984a3f23f9cd1c26f.webp
393,Pikachu,291/SV-P,pokemon,258,tcg300#258,pass,未檢查,pass,是,429x600,0.0,0.0,0.0,三項都過,apps/web/public/market-assets/d0313cef7132121d8cf611ccb233fecb8c6e0d7780427eeda31795563c1e78a4.webp
386,Rayquaza,056/076,pokemon,259,tcg300#259,fail,未檢查,pass,否,716x1000,0.8757,0.0,0.0759,白角 4/4（圓弧外係實心白背景）；畫布 716x1000（非 429x600 標準）,apps/web/public/market-assets/96103a1c552191ee418edc4d2cfc5b3c9af4e2cb078d3b2eb08a3c80bc3e39e1.webp
390,Mewtwo,014/032,pokemon,260,tcg300#260,fail,未檢查,pass,否,444x620,0.7554,0.0,0.0062,白角 2/4（圓弧外係實心白背景）；畫布 444x620（非 429x600 標準）,apps/web/public/market-assets/113f2bc8d52ab5cebe5a609349635950ca5abe37d153da2501a55c49157f830c.webp
392,Surfing Pikachu VMAX,022/028,pokemon,261,tcg300#261,fail,未檢查,pass,否,716x1000,0.7825,0.0,0.0308,白角 3/4（圓弧外係實心白背景）；畫布 716x1000（非 429x600 標準）,apps/web/public/market-assets/29ab8e71f4ac4b1cb2c06d9b3e74ea683d65c1186f2d6aefbbea77404879256d.webp
391,Rayquaza VMAX,284/184,pokemon,262,tcg300#262,pass,未檢查,pass,否,710x1000,0.3249,0.0,0.0035,三項都過；畫布 710x1000（非 429x600 標準）,apps/web/public/market-assets/2811d3a14dd3d320e4ffddc26cf969464528d04c45a9caaf14a93efcf8d74350.webp
123,Gengar,094/165,pokemon,263,tcg300#263,pass,未檢查,pass,是,429x600,0.0,0.0,0.0764,三項都過,apps/web/public/market-assets/63d09bc3bf6c0182ff5788ca1eb1706217397e16e6e55ef75891219c6c59e636.webp
394,Surfing Pikachu V,021/028,pokemon,264,tcg300#264,fail,未檢查,pass,否,716x1000,0.822,0.0,0.0036,白角 4/4（圓弧外係實心白背景）；畫布 716x1000（非 429x600 標準）,apps/web/public/market-assets/cae00ed05ede6df5449c4eba801ba0abccf23490f0233d1dfcc4a4dca70d2c95.webp
395,Mega Zygarde ex,117/080,pokemon,265,tcg300#265,pass,未檢查,pass,是,429x600,0.0,0.0,0.0,三項都過,apps/web/public/market-assets/26b91e82021bacfbf8ca18199183489e173095a473fa5b690495fa96861dc111.webp
