variantId,boards,tcg,name,set,collectorNumber,opaqueId,tier,tierMeaning,dbAssetRows,dbRawDims,onDiskProducer,onDiskWeb,packImageDims,resolverMethod
19,tcg300|op100,one-piece,Monkey D Luffy,2023 Awakening of the New Era Special Art,ST01-012,cmc_334667e52d3f7f5aff7fd1a5,D_no_file,"market_image_asset row exists, but no public webp on disk - this is a missing image",1,950x1594,False,False,1000x730,
24,tcg300|op100,one-piece,Monkey D. Luffy,2023 Awakening of the New Era Manga Alternate Art,OP05-119,cmc_058d84cf05991c2c0ab2409b,D_no_file,"market_image_asset row exists, but no public webp on disk - this is a missing image",1,943x1600,False,False,1000x730,
35,ptcg100|tcg300,pokemon,Pikachu,Promotional Cards 5th Anniversary Card,153/SV-P,cmc_96fa4c6b1462e2fd2dae9dcb,D_no_file,"market_image_asset row exists, but no public webp on disk - this is a missing image",1,1000x730,False,False,700x512,
43,tcg300|op100,one-piece,Monkey D. Luffy,2025 A Fist of Divine Speed 3rd Anniversary Gold Foil,OP05-119,cmc_2c605964de9f67642f9d6197,D_no_file,"market_image_asset row exists, but no public webp on disk - this is a missing image",1,957x1600,False,False,1000x730,
60,tcg300|op100,one-piece,Roronoa Zoro,2024 Wings of the Captain Manga Alternate Art,OP06-118,cmc_0df175352be781a08a19275c,D_no_file,"market_image_asset row exists, but no public webp on disk - this is a missing image",1,1011x1600,False,False,1000x730,
63,tcg300|op100,one-piece,Monkey D. Luffy,2025 Eb02-Extra Booster -Anime 25th Collection- Manga Alternate Art,EB02-061,cmc_fc1d979ca8dcf60b9baed043,D_no_file,"market_image_asset row exists, but no public webp on disk - this is a missing image",1,950x1600,False,False,1000x730,
69,tcg300|op100,one-piece,Monkey D. Luffy,2025 Piece Card Game Carrying On His Will,OP13-118,cmc_4b5d3876c5f0c2a6d7fcfb1b,D_no_file,"market_image_asset row exists, but no public webp on disk - this is a missing image",1,1031x1600,False,False,1000x730,
72,tcg300|op100,one-piece,Monkey D. Luffy,2025 Piece Card Game A Fist of Divine Speed,OP05-119,cmc_dfe920ea3ab9aa3c55471fd7,D_no_file,"market_image_asset row exists, but no public webp on disk - this is a missing image",1,961x1600,False,False,1000x730,
78,tcg300|op100,one-piece,Nami,2024 Premium Booster the Best Manga Alternate Art,OP01-016,cmc_16890293ef095bbeecf8792a,D_no_file,"market_image_asset row exists, but no public webp on disk - this is a missing image",1,950x1594,False,False,1000x730,
102,tcg300|op100,one-piece,Shanks SEC-SP Booster Pack ROMANCE DAWN,Comic Parallel,OP01-120,cmc_47e6f6a9213f79e22524f366,D_no_file,"market_image_asset row exists, but no public webp on disk - this is a missing image",1,1000x730,False,False,434x610,
103,tcg300|op100,one-piece,Monkey D. Luffy,2022 Romance Dawn Alternate Art,OP01-003,cmc_7f757e4ecc3aa9b69b5dd012,D_no_file,"market_image_asset row exists, but no public webp on disk - this is a missing image",1,1014x1600,False,False,1000x730,
128,tcg300|op100,one-piece,Monkey D. Luffy,2025 A Fist of Divine Speed Manga Alternate Art,OP11-118,cmc_a97002894deef0055a443602,D_no_file,"market_image_asset row exists, but no public webp on disk - this is a missing image",1,967x1600,False,False,1000x730,
132,tcg300|op100,one-piece,Boa Hancock,2023 Kingdoms of Intrigue,OP01-078,cmc_dacb08e98dd4781013b9b9de,D_no_file,"market_image_asset row exists, but no public webp on disk - this is a missing image",1,952x1600,False,False,1000x730,
134,tcg300|op100,one-piece,Monkey D. Luffy,2025 Carrying On His Will (Op13) - English Manga Alt. Art Parallel,OP13-118,cmc_79579a6d522f2e49f0e54949,D_no_file,"market_image_asset row exists, but no public webp on disk - this is a missing image",1,1042x1600,False,False,1000x730,
146,tcg300|op100,one-piece,Monkey D Luffy,2024 Premium Booster: the Best English Manga Alt. Art Parallel,OP05-119,cmc_d911b2f32f701c32ada0f8af,D_no_file,"market_image_asset row exists, but no public webp on disk - this is a missing image",1,968x1600,False,False,1000x730,
163,tcg300|op100,one-piece,Monkey D. Luffy,2025 3rd Anniversary! One Piece Card Treasure Campaign Pack,ST21-014,cmc_a0accd63b7240ff7357ec7ba,D_no_file,"market_image_asset row exists, but no public webp on disk - this is a missing image",1,967x1600,False,False,1000x730,
168,ptcg100|tcg300,pokemon,Mew EX,Shiny Collection,024/020,cmc_1a88f3c84faacaa0e69a71fd,D_no_file,"market_image_asset row exists, but no public webp on disk - this is a missing image",1,711x1000,False,False,1000x730,
171,tcg300|op100,one-piece,Monkey D Luffy,"2024 Emperors In the New World (Op09) - English (Borderless, Manga Art) Alt Art",OP09-119,cmc_b9e3dbde32ffa1418c85447c,D_no_file,"market_image_asset row exists, but no public webp on disk - this is a missing image",1,967x1600,False,False,1000x730,
175,tcg300|op100,one-piece,Tony Tony Chopper,2024 Memorial Collection Manga Alternate Art,EB01-006,cmc_d28f13261d43426bf2db2076,D_no_file,"market_image_asset row exists, but no public webp on disk - this is a missing image",1,889x1600,False,False,1000x730,
188,tcg300|op100,one-piece,Portgas D. Ace,2023 Japanese Manga Art,OP02-013,cmc_0dca1574369a3b550922f228,D_no_file,"market_image_asset row exists, but no public webp on disk - this is a missing image",1,1600x1600,False,False,792x608,
192,tcg300|op100,one-piece,Sanji,2025 Premium Booster: the Best Vol.2 (Prb-02) - English Manga Alt. Art Parallel (En Above Japan On Border),OP06-119,cmc_48f49134505612b25e5792fa,D_no_file,"market_image_asset row exists, but no public webp on disk - this is a missing image",1,970x1600,False,False,1000x730,
197,tcg300|op100,one-piece,Nami,2025 Card Game Promo Championship Offline Regionals Top  Prize,OP09-050,cmc_6b7c379edd7d4a83728b6fc3,D_no_file,"market_image_asset row exists, but no public webp on disk - this is a missing image",1,950x1600,False,False,1000x730,
