collector_number,verdict,distinct_snk_item_ids,target_variants,snk_titles
OP05-119,parallel_ambiguous,20,3,モンキー・D・ルフィ SEC-P / モンキー・D・ルフィ SEC-P / モンキー・D・ルフィ:手配書 SEC-SPC / モンキー・D・ルフィ SEC / モンキー・D・ルフィ SEC / モンキー・D・ルフィ SEC / モンキー・D・ルフィ SEC-SP (コミパラ) / モンキー・D・ルフィ SEC-SPC :3周年スペシャルカード(金背景)
OP01-016,parallel_ambiguous,19,3,ナミ R-SPC (和柄ナミ) / ナミ R-P / ナミ R-P / ナミ R-SP (コミパラ) / ナミ R / ナミ R / ナミ R / ナミ R
OP07-109,parallel_ambiguous,19,2,モンキー・D・ルフィ (イラスト修正前) SR / モンキー・D・ルフィ SR-P / モンキー・D・ルフィ SR / モンキー・D・ルフィ SR / モンキー・D・ルフィ SR / モンキー・D・ルフィ SR-TR / モンキー・D・ルフィ SR-P (開封済み) / モンキー・D・ルフィ SR
ST01-007,parallel_ambiguous,18,1,ナミ C / ナミ C / ナミ C-P / ナミ P / ナミ C / ナミ C-TR / ナミ C / ナミ C
OP01-120,parallel_ambiguous,17,1,シャンクス SEC-SP (コミパラ) / シャンクス SEC-P / シャンクス SEC-P (シリアルシャンクス、赤髪) (開封済) / シャンクス SEC / シャンクス SEC / シャンクス SEC-P / シャンクス SEC-SP (コミパラ) / シャンクス SEC-P (開封済)
OP09-004,parallel_ambiguous,17,1,シャンクス:手配書 SR-SPC / シャンクス SR-P / シャンクス:金背景 SR-SPC :3周年スペシャルカード / シャンクス SR / シャンクス:銀背景 SR-SPC :3周年スペシャルカード / シャンクス SR / シャンクス SR-SP (コミパラ) / シャンクス SR : 決勝大会ベスト32
OP03-112,parallel_ambiguous,16,1,シャーロット・プリン R-SPC / シャーロット・プリン R-P / シャーロット・プリン R / シャーロット・プリン R / シャーロット・プリン R / シャーロット・プリン R / シャーロット・プリン R / シャーロット・プリン R
OP09-051,parallel_ambiguous,16,1,バギー:手配書 R-SPC / バギー R / バギー R-SP (コミパラ) / バギー:金背景 R-SPC :3周年スペシャルカード / バギー:銀背景 R-SPC :3周年スペシャルカード / バギー R-P / バギー R / バギー:銀背景 R-SPC :3周年スペシャルカード
ST01-012,parallel_ambiguous,16,2,モンキー・D・ルフィ SR / モンキー・D・ルフィ SR / モンキー・D・ルフィ SR / モンキー・D・ルフィ:手配書 SR-SPC / モンキー・D・ルフィ SR / モンキー・D・ルフィ SR-P (サインルフィ) / モンキー・D・ルフィ SR / モンキー・D・ルフィ SR
OP05-074,parallel_ambiguous,14,1,ユースタス・キッド SR / ユースタス・キッド SR-SP (コミパラ) / ユースタス・キッド SR-SPC / ユースタス・キッド SR-P / ユースタス・キッド SR / ユースタス・キッド SR-P / ユースタス・キッド SR-SP (コミパラ) / ユースタス・キッド SR-P
OP07-051,parallel_ambiguous,14,2,ボア・ハンコック SR-SPC / ボア・ハンコック SR-P / ボア・ハンコック SR / ボア・ハンコック SR-SP (コミパラ) / ボア・ハンコック SR-P / ボア・ハンコック SR / ボア・ハンコック SR / ボア・ハンコック SR-P
OP09-093,parallel_ambiguous,14,1,マーシャル・D・ティーチ SR / マーシャル・D・ティーチ:手配書 SR-SPC / マーシャル・D・ティーチ SR-SPC :3周年スペシャルカード(金背景) / マーシャル・D・ティーチ SR / マーシャル・D・ティーチ SR-SP (コミパラ) / マーシャル・D・ティーチ SR-SPC :3周年スペシャルカード(銀背景) / マーシャル・D・ティーチ SR-P / マーシャル・D・ティーチ SR-SPC :3周年スペシャルカード(銀背景)
OP13-119,parallel_ambiguous,14,2,ポートガス・D・エース SEC-P / ポートガス・D・エース SEC-SP (コミパラ) / ポートガス・D・エース SEC / ポートガス・D・エース:手配書 SEC-SPC / ポートガス・D・エース SEC-RSP (レッドコミパラ) / ポートガス・D・エース SEC / モンキー・D・ルフィ SEC / ポートガス・D・エース SEC :優勝記念品
ST02-007,parallel_ambiguous,14,1,ジュエリー・ボニー C-SPC / ジュエリー・ボニー C / ジュエリー・ボニー C : フォイル / ジュエリー・ボニー:Winner C / ジュエリー・ボニー C / リーオー C+ / リーオー C / ジュエリー・ボニー C-SPC
OP04-083,parallel_ambiguous,13,1,サボ SR / サボ SR-SP (コミパラ) / サボ SR / サボ SR-P / サボ SR / サボ SR-SP (コミパラ) / サボ SR / サボ SR-SP (コミパラ)
OP05-067,parallel_ambiguous,13,1,ゾロ十郎 R / ゾロ十郎 R-P / ゾロ十郎 R-SPC / ゾロ十郎 R / ゾロ十郎 R / ゾロ十郎 R / ゾロ十郎 R-SPC / ゾロ十郎 R
OP13-118,parallel_ambiguous,13,2,モンキー・D・ルフィ SEC-P / モンキー・D・ルフィ:手配書 SEC-SPC / モンキー・D・ルフィ SEC-SP (コミパラ) / モンキー・D・ルフィ SEC / モンキー・D・ルフィ SEC-RSP (レッドコミパラ) / モンキー・D・ルフィ SEC / サボ SEC / モンキー・D・ルフィ SEC :トップ8
ST06-006,parallel_ambiguous,13,1,たしぎ C-SPC / たしぎ C / たしぎ C / 赤いガンダム C + / 赤いガンダム C / たしぎ C / たしぎ C / たしぎ C-SPC
OP02-013,parallel_ambiguous,12,2,ポートガス・D・エース SR-P / ポートガス・D・エース SR / ポートガス・D・エース SR-SP (コミパラ) / ポートガス・D・エース SR-SPC / ポートガス・D・エース SR / ポートガス・D・エース SR-SP (コミパラ) / ポートガス・D・エース SR / ポートガス・D・エース SR-SP (コミパラ)
OP13-120,parallel_ambiguous,12,1,サボ SEC-RSP (レッドコミパラ) / サボ SEC-P / サボ:手配書 SEC-SPC / サボ SEC-SP (コミパラ) / サボ SEC / サボ SEC / ポートガス・D・エース SEC / サボ:手配書 SEC-SPC
OP01-121,parallel_ambiguous,11,2,ヤマト SEC-P / ヤマト SEC-P / ヤマト SEC-SPC / ヤマト SEC / ヤマト SEC / ヤマト SEC / ヤマト SEC-P / ヤマト SEC
OP04-044,parallel_ambiguous,11,1,カイドウ SR-SPC / カイドウ SR / カイドウ SR-P / カイドウ SR-P / カイドウ SR / カイドウ SR-P / カイドウ SR / カイドウ SR
OP05-060,parallel_ambiguous,11,1,モンキー・D・ルフィ L-P / モンキー・D・ルフィ L / モンキー・D・ルフィ L / モンキー・D・ルフィ L / モンキー・D・ルフィ L-SPC / モンキー・D・ルフィ L / モンキー・D・ルフィ L-SPC / モンキー・D・ルフィ L
OP06-101,parallel_ambiguous,11,2,おナミ R / おナミ R-P / おナミ R-SPC / おナミ R / おナミ R / おナミ SR-SPC / おナミ R / おナミ R
OP01-047,parallel_ambiguous,10,1,トラファルガー・ロー SR-SPC / トラファルガー・ロー SR / トラファルガー・ロー SR-P / トラファルガー・ロー SR-P / トラファルガー・ロー SR / トラファルガー・ロー SR / トラファルガー・ロー SR-P / トラファルガー・ロー SR-SPC
OP01-078,parallel_ambiguous,10,1,ボア・ハンコック SR-SPC / ボア・ハンコック SR-P / ボア・ハンコック SR-P / ボア・ハンコック SR / ボア・ハンコック SR / ボア・ハンコック SR-P / ボア・ハンコック SR / ボア・ハンコック SR-SPC
OP05-091,parallel_ambiguous,10,1,レベッカ SR-SPC / レベッカ SR-P / レベッカ SR / レベッカ SR-SPC / レベッカ SR / レベッカ SR / レベッカ SR / レベッカ SR
OP06-118,parallel_ambiguous,10,2,ロロノア・ゾロ SEC-SP (コミパラ) / ロロノア・ゾロ SEC / ロロノア・ゾロ SEC / ロロノア・ゾロ SEC-P / ロロノア・ゾロ SEC / ロロノア・ゾロ SEC-SP (コミパラ) / ロロノア・ゾロ SEC-SP (コミパラ) / ロロノア・ゾロ SEC-SP (コミパラ)
OP09-119,parallel_ambiguous,10,3,モンキー・D・ルフィ SEC / モンキー・D・ルフィ SEC / モンキー・D・ルフィ SEC-SPC / モンキー・D・ルフィ SEC-P / モンキー・D・ルフィ SEC-SP (コミパラ) / モンキー・D・ルフィ SEC / モンキー・D・ルフィ SEC-SPC / モンキー・D・ルフィ SEC-SP (コミパラ)
OP12-020,parallel_ambiguous,10,1,ロロノア・ゾロ L / ロロノア・ゾロ L-P / ロロノア・ゾロ L / ロロノア・ゾロ L / ロロノア・ゾロ L :シリアルナンバー入り :優勝記念品 :開封済 / ロロノア・ゾロ L :シリアルナンバー入り :トップ4 :開封済 / ロロノア・ゾロ L / ロロノア・ゾロ L-P
OP01-073,parallel_ambiguous,9,1,ドンキホーテ・ドフラミンゴ R-SPC / ドンキホーテ・ドフラミンゴ R-P / ドンキホーテ・ドフラミンゴ R / ドンキホーテ・ドフラミンゴ R / ドンキホーテ・ドフラミンゴ SR-SPC / ドンキホーテ・ロシナンテ R / ドンキホーテ・ドフラミンゴ R-P / ドンキホーテ・ドフラミンゴ R
OP05-098,parallel_ambiguous,9,1,エネル L / エネル L-P / エネル L / エネル L-SPC / エネル L / エネル L-SPC / エネル L / エネル L-P
OP06-022,parallel_ambiguous,9,1,ヤマト L / ヤマト L-P / ヤマト L-SPC / ヤマト L / ヤマト L / ヤマト L-SPC / ヤマト L-P / ヤマト L
OP07-019,parallel_ambiguous,9,1,ジュエリー・ボニー L-P / ジュエリー・ボニー L-SPC / ジュエリー・ボニー L / ジュエリー・ボニー L / ジュエリー・ボニー L / ジュエリー・ボニー L / ジュエリー・ボニー L-SPC / ジュエリー・ボニー L-P
OP09-001,parallel_ambiguous,9,1,シャンクス L / シャンクス L-P / シャンクス L / シャンクス L / シャンクス L / シャンクス L / シャンクス L / シャンクス L-P
OP09-013,parallel_ambiguous,9,1,ヤソップ R-SPC / ヤソップ R : エリア大会 上位記念品 / ヤソップ R / ヤソップ R :トップ64 / ヤソップ R-SPC / ヤソップ R / ヤソップ R / ヤソップ R
OP01-024,parallel_ambiguous,8,1,モンキー・D・ルフィ SR-P / モンキー・D・ルフィ SR / モンキー・D・ルフィ SR-P / モンキー・D・ルフィ SR / モンキー・D・ルフィ SR / モンキー・D・ルフィ SR-P / モンキー・D・ルフィ SR / モンキー・D・ルフィ SR-P
OP02-120,parallel_ambiguous,8,1,ウタ SEC-SPC (和柄ウタ) / ウタ SEC-P / ウタ SEC / ウタ SEC / ウタ SEC / ウタ SEC-SPC / ウタ SEC / ウタ SEC-P
OP03-122,parallel_ambiguous,8,1,そげキング SEC / そげキング SEC-SP (コミパラ) / そげキング SEC-SP (コミパラ) / そげキング SEC-P / そげキング SEC-SP (コミパラ) / そげキング SEC-SP (コミパラ) / そげキング SEC-P / そげキング SEC
OP07-118,parallel_ambiguous,8,1,サボ SEC / サボ SEC-SPC / サボ SEC / サボ SEC-P / サボ SEC / サボ SEC-SPC / サボ SEC / サボ SEC-P
OP08-106,parallel_ambiguous,8,2,ナミ SR-SPC / ナミ SR-P / ナミ SR / ナミ SR / ナミ: SR (開封済み) / ナミ SR-SPC / ナミ SR-P / ナミ SR
OP09-061,parallel_ambiguous,8,1,モンキー・D・ルフィ L-P / モンキー・D・ルフィ L / モンキー・D・ルフィ L / モンキー・D・ルフィ L / モンキー・D・ルフィ L / モンキー・D・ルフィ L / モンキー・D・ルフィ L-P / モンキー・D・ルフィ L
OP09-118,parallel_ambiguous,8,2,ゴール・D・ロジャー:手配書 SEC-SPC / ゴール・D・ロジャー SEC-P / ゴール・D・ロジャー SEC / ゴール・D・ロジャー SEC-GSP / ゴール・D・ロジャー:手配書 SEC-SPC / ゴール・D・ロジャー SEC-SP (コミパラ) / ゴール・D・ロジャー SEC-P / ゴール・D・ロジャー SEC
OP13-051,parallel_ambiguous,8,1,ボア・ハンコック R / ボア・ハンコック R-P / ボア・ハンコック R / ボア・ハンコック R / ボア・ハンコック R / ボア・ハンコック R :シリアルナンバー入り / ボア・ハンコック R-P / ボア・ハンコック R
OP14-112,parallel_ambiguous,8,2,ボア・ハンコック SR-SPC :和柄アート / ボア・ハンコック SR-P / ボア・ハンコック SR / ボア・ハンコック SR :上位記念品 / ボア・ハンコック SR :トップ64 / ボア・ハンコック SR-SPC :和柄アート / ボア・ハンコック SR-P / ボア・ハンコック SR
OP01-001,parallel_ambiguous,7,1,ロロノア・ゾロ L パラレル / ロロノア・ゾロ L-P / ロロノア・ゾロ L / ロロノア・ゾロ L / ロロノア・ゾロ L / ロロノア・ゾロ L / ロロノア・ゾロ L-P
OP03-008,parallel_ambiguous,7,1,バギー UC-SPC / バギー UC : フォイル / バギー UC / バギー UC-SPC / バギー UC / バギー UC / バギー UC
OP06-021,parallel_ambiguous,7,1,ペローナ L / ペローナ L-P / ペローナ L-SPC / ペローナ L / ペローナ L-SPC / ペローナ L-P / ペローナ L
OP07-015,parallel_ambiguous,7,1,モンキー・D・ドラゴン SR-SPC / モンキー・D・ドラゴン SR / モンキー・D・ドラゴン SR-P / モンキー・D・ドラゴン SR / モンキー・D・ドラゴン SR-SPC / モンキー・D・ドラゴン SR / モンキー・D・ドラゴン SR
OP07-038,parallel_ambiguous,7,1,ボア・ハンコック L-P / ボア・ハンコック L / ボア・ハンコック L-SPC / ボア・ハンコック L / ボア・ハンコック L / ボア・ハンコック L-SPC / ボア・ハンコック L
OP10-119,parallel_ambiguous,7,1,トラファルガー・ロー SEC-P / トラファルガー・ロー SEC-SP (コミパラ) / トラファルガー・ロー SEC / トラファルガー・ロー SEC-SPC / トラファルガー・ロー SEC-SP (コミパラ) / トラファルガー・ロー SEC-P / トラファルガー・ロー SEC
OP13-001,parallel_ambiguous,7,1,モンキー・D・ルフィ L :開封済 / モンキー・D・ルフィ L-P / モンキー・D・ルフィ L / モンキー・D・ルフィ L / モンキー・D・ルフィ L / モンキー・D・ルフィ L-P / モンキー・D・ルフィ L
PRB02-006,parallel_ambiguous,7,1,ロロノア・ゾロ R / ロロノア・ゾロ R-SPC / ロロノア・ゾロ R-P / ロロノア・ゾロ R / ロロノア・ゾロ R / ロロノア・ゾロ R / ロロノア・ゾロ R-SPC
ST18-001,parallel_ambiguous,7,1,ウソ八 C-SPC :フルアート / ウソ八 C-P / ウソ八 C : フォイル / ウソ八 C-SPC / ウソ八 C / ウソ八 C / ウソ八 C-SPC
ST18-004,parallel_ambiguous,7,2,ゾロ十郎 SR-SPC / ゾロ十郎 SR / ゾロ十郎 SR / ゾロ十郎 SR / ゾロ十郎 SR-SPC / ゾロ十郎 SR / ゾロ十郎 SR
EB01-057,parallel_ambiguous,6,1,しらほし SR-SPC / しらほし SR-P / しらほし SR / ガンダムジェミナス02 C / しらほし SR / しらほし SR-P
OP01-060,parallel_ambiguous,6,1,ドンキホーテ・ドフラミンゴ L-P / ドンキホーテ・ドフラミンゴ L / ドンキホーテ・ドフラミンゴ L / ドンキホーテ・ドフラミンゴ L / ドンキホーテ・ドフラミンゴ L-P / ドンキホーテ・ドフラミンゴ L
OP02-036,parallel_ambiguous,6,1,ナミ SR-P / ナミ SR / ナミ SR / ナミ SR / ナミ SR-P / ナミ SR
OP03-092,parallel_ambiguous,6,1,ロブ・ルッチ SR-SPC / ロブ・ルッチ SR / ロブ・ルッチ SR-P / ロブ・ルッチ SR-SPC / ロブ・ルッチ SR-P / ロブ・ルッチ SR
OP04-064,parallel_ambiguous,6,1,ミス・オールサンデー SR-SPC / ミス・オールサンデー SR-P / ミス・オールサンデー SR / ミス・オールサンデー SR-SPC / ミス・オールサンデー SR-P / ミス・オールサンデー SR
OP05-001,parallel_ambiguous,6,1,サボ L-P / サボ L / サボ L-SPC / サボ L-SPC / サボ L-P / サボ L
OP05-100,parallel_ambiguous,6,1,エネル SR-SPC / エネル SR-P / エネル SR / エネル SR / エネル SR-P / エネル SR-SPC
OP06-050,parallel_ambiguous,6,1,たしぎ R-SPC / たしぎ R-P / たしぎ R / たしぎ R-SPC / たしぎ R-P / たしぎ R
OP06-119,parallel_ambiguous,6,1,サンジ SEC-SP (コミパラ) / サンジ SEC / サンジ SEC-SPC / サンジ SEC-P / サンジ SEC / サンジ SEC-P
OP08-118,parallel_ambiguous,6,1,シルバーズ・レイリー SEC-SP (コミパラ) / シルバーズ・レイリー SEC / シルバーズ・レイリー SEC-P / シルバーズ・レイリー SEC-SP (コミパラ) / シルバーズ・レイリー SEC-P / シルバーズ・レイリー SEC
OP10-082,parallel_ambiguous,6,1,クザン SR-P / クザン SR-SPC / クザン SR / クザン SR-SPC / クザン SR-P / クザン SR
OP11-106,parallel_ambiguous,6,1,ゼウス R-SPC / ゼウス R-P / ゼウス R / ゼウス R / ゼウス R-SPC / ゼウス R
OP12-030,parallel_ambiguous,6,1,ジュラキュール・ミホーク SR-SPC :和柄アート / ジュラキュール・ミホーク SR-P / ジュラキュール・ミホーク SR / ジュラキュール・ミホーク SR-SPC :和柄アート / ジュラキュール・ミホーク SR-P / ジュラキュール・ミホーク SR
OP12-118,parallel_ambiguous,6,2,ジュエリー・ボニー SEC-SP (コミパラ) / ジュエリー・ボニー SEC-P / ジュエリー・ボニー SEC / ジュエリー・ボニー SEC-SP (コミパラ) / ジュエリー・ボニー SEC-P / ジュエリー・ボニー SEC
OP12-119,parallel_ambiguous,6,1,バーソロミュー・くま SEC / バーソロミュー・くま SEC / バーソロミュー・くま SEC-P / バーソロミュー・くま SEC / バーソロミュー・くま SEC-P / バーソロミュー・くま SEC
OP13-002,parallel_ambiguous,6,1,ポートガス・D・エース L-P / ポートガス・D・エース L / ポートガス・D・エース L :ベスト64 / ポートガス・D・エース L / ポートガス・D・エース L-P / ポートガス・D・エース L
OP13-007,parallel_ambiguous,6,1,エース&amp;サボ&amp;ルフィ SR / エース&amp;サボ&amp;ルフィ SR-P / エース&amp;サボ&amp;ルフィ SR / エース&amp;サボ&amp;ルフィ SR / エース&amp;サボ&amp;ルフィ SR-P / エース&amp;サボ&amp;ルフィ SR
OP14-084,parallel_ambiguous,6,1,ミス・オールサンデー SR-SPC / ミス・オールサンデー SR-P / ミス・オールサンデー SR / ミス・オールサンデー SR-SPC / ミス・オールサンデー SR-P / ミス・オールサンデー SR
ST13-011,parallel_ambiguous,6,1,ポートガス・D・エース SR-SPC / ポートガス・D・エース SR-P / ポートガス・D・エース SR / ポートガス・D・エース SR-SPC / ポートガス・D・エース SR / ポートガス・D・エース SR-P
ST15-002,parallel_ambiguous,6,1,エドワード・ニューゲート SR-SPC :フルアート / エドワード・ニューゲート SR / エドワード・ニューゲート SR-P / エドワード・ニューゲート SR-SPC / エドワード・ニューゲート SR / エドワード・ニューゲート SR-SPC
OP07-085,parallel_ambiguous,5,1,ステューシー SR-SPC / ステューシー SR / ステューシー SR-P / ステューシー SR-P / ステューシー SR
OP07-111,parallel_ambiguous,5,1,リリス SR-SPC / リリス SR-P / リリス SR-SPC / リリス SR-P / リリス SR
OP08-052,parallel_ambiguous,5,1,ポートガス・D・エース R-P / ポートガス・D・エース R-TR / ポートガス・D・エース R / ポートガス・D・エース R / ポートガス・D・エース R-P
OP14-031,parallel_ambiguous,5,1,ナミ SR-P / ナミ SR / ナミ SR :トップ64 / ナミ SR-P / ナミ SR
ST18-005,parallel_ambiguous,5,1,ルフィ太郎 SR-SPC / ルフィ太郎 SR / ルフィ太郎 SR / ルフィ太郎 SR / ルフィ太郎 SR
EB02-028,parallel_ambiguous,4,1,ポートガス・D・エース R-SPC / ポートガス・D・エース R-SPC / ポートガス・D・エース R / ポートガス・D・エース R
OP01-003,parallel_ambiguous,4,1,モンキー・D・ルフィ L-P / モンキー・D・ルフィ L / モンキー・D・ルフィ L-P / モンキー・D・ルフィ L
OP03-040,parallel_ambiguous,4,1,ナミ L-P / ナミ L / ナミ L-P / ナミ L
OP04-001,parallel_ambiguous,4,1,ネフェルタリ・ビビ L-P / ネフェルタリ・ビビ L / ネフェルタリ・ビビ L / ネフェルタリ・ビビ L-P
OP04-019,parallel_ambiguous,4,1,ドンキホーテ・ドフラミンゴ L-P / ドンキホーテ・ドフラミンゴ L-P / ドンキホーテ・ドフラミンゴ L / ドンキホーテ・ドフラミンゴ L
OP04-039,parallel_ambiguous,4,1,レベッカ L-P / レベッカ L / レベッカ L-P / レベッカ L
OP05-041,parallel_ambiguous,4,1,サカズキ L-P / サカズキ L / サカズキ L-P / サカズキ L
OP09-015,parallel_ambiguous,4,1,ラッキー・ルウ R / ラッキー・ルウ R / ラッキー・ルウ R / ラッキー・ルウ R
OP09-062,parallel_ambiguous,4,1,ニコ・ロビン L-P / ニコ・ロビン L / ニコ・ロビン L-P / ニコ・ロビン L
OP10-019,parallel_ambiguous,4,1,神避 R-P / 神避 R / 神避 R-P / 神避 R
OP10-118,parallel_ambiguous,4,1,モンキー・D・ルフィ SEC-P / モンキー・D・ルフィ SEC / モンキー・D・ルフィ SEC / モンキー・D・ルフィ SEC-P
OP11-054,parallel_ambiguous,4,1,ナミ SR / ナミ SR-P / ナミ SR / ナミ SR
OP12-037,parallel_ambiguous,4,1,鬼気 九刀流 阿修羅 抜剣 亡者戯 R-P / 鬼気 九刀流 阿修羅 抜剣 亡者戯 R / 鬼気 九刀流 阿修羅 抜剣 亡者戯 R-P / 鬼気 九刀流 阿修羅 抜剣 亡者戯 R
OP12-060,parallel_ambiguous,4,1,牛肉バースト R-P / 牛肉バースト R / 牛肉バースト R-P / 牛肉バースト R
OP12-087,parallel_ambiguous,4,1,ニコ・ロビン SR-P / ニコ・ロビン SR / ニコ・ロビン SR-P / ニコ・ロビン SR
OP13-003,parallel_ambiguous,4,1,ゴール・D・ロジャー L-P / ゴール・D・ロジャー L / ゴール・D・ロジャー L-P / ゴール・D・ロジャー L
OP13-076,parallel_ambiguous,4,1,神避 R-P / 神避 R / 神避 R-P / 神避 R
OP13-079,parallel_ambiguous,4,1,イム L-P / イム L / イム L-P / イム L
OP14-041,parallel_ambiguous,4,1,ボア・ハンコック L-P / ボア・ハンコック L / ボア・ハンコック L-P / ボア・ハンコック L
OP14-096,parallel_ambiguous,4,1,浸食輪廻 R-P / 浸食輪廻 R / 浸食輪廻 R-P / 浸食輪廻 R
OP14-118,parallel_ambiguous,4,1,わらわ こわい...♡ R-P / わらわ こわい...♡ R / わらわ こわい...♡ R-P / わらわ こわい...♡ R
ST14-003,parallel_ambiguous,4,1,サンジ SR-SPC :フルアート / サンジ SR / サンジ SR-SPC / サンジ SR
ST16-004,parallel_ambiguous,4,1,シャンクス SR-SPC / シャンクス SR / シャンクス SR-P / シャンクス SR
OP09-005,parallel_ambiguous,3,1,シルバーズ・レイリー R-SPC / シルバーズ・レイリー R / シルバーズ・レイリー R
OP10-063,parallel_ambiguous,3,1,ヴィンスモーク・サンジ R / ヴィンスモーク・サンジ R-TR / ヴィンスモーク・サンジ R
OP11-040,parallel_ambiguous,3,1,モンキー・D・ルフィ L-P / モンキー・D・ルフィ L / モンキー・D・ルフィ L :ベスト32
OP11-041,parallel_ambiguous,3,1,ナミ L-P / ナミ L / ナミ L
OP11-058,parallel_ambiguous,3,1,モンキー・D・ルフィ UC-TR / モンキー・D・ルフィ UC / モンキー・D・ルフィ UC
OP11-118,parallel_ambiguous,3,1,モンキー・D・ルフィ SEC-P / モンキー・D・ルフィ SEC / モンキー・D・ルフィ SEC-SP (コミパラ)
OP11-018,parallel_ambiguous,2,1,実直拳骨 R-P / 実直拳骨 R
OP11-080,parallel_ambiguous,2,1,ギア2 R-P / ギア2 R
OP11-114,parallel_ambiguous,2,1,ゴムゴムの火拳銃 R-P / ゴムゴムの火拳銃 R
UNKNOWN,not_found,0,1,
