variantId,tcg,cardLanguage,collectorNumber,canonicalName,setNameCatalog,chars,words,opaqueId,ebayExternalEntityId,contentSha256,file
19,one-piece,en,ST01-012,Monkey D Luffy,2023 Awakening of the New Era Special Art,2738,453,cmc_334667e52d3f7f5aff7fd1a5,b69a3067-c2cc-414f-902e-76db8b5fd3f4,25228e941549be53a4423eb19c1c2b368dce4c2bb0e9529d1804cf01482c55eb,data/editorial/long-form-stories/altxyz/b69a3067-c2cc-414f-902e-76db8b5fd3f4/summary_en.json
24,one-piece,en,OP05-119,Monkey D. Luffy,2023 Awakening of the New Era Manga Alternate Art,2773,443,cmc_058d84cf05991c2c0ab2409b,231edf8e-4170-439b-8134-ce15ee82f0d9,e370ee2b73f3853fcc4c62d1afea46f25485efe6e4960af77f997cff00b27361,data/editorial/long-form-stories/altxyz/231edf8e-4170-439b-8134-ce15ee82f0d9/summary_en.json
34,pokemon,en,SM191,Mew/Mewtwo Gx,2019 Sun and Moon Black Star Promo Power Partnership Tins,2715,444,cmc_209c6e27c8c27d348cf8aaf0,712df551-2987-42dd-ab50-906887cf53d4,ae35ae9edc2ef8e61a2cedfd8cca33f4c6e6062447708a2ecff2d420235f97bd,data/editorial/long-form-stories/altxyz/712df551-2987-42dd-ab50-906887cf53d4/summary_en.json
39,pokemon,en,GG69,Giratina Vstar,2023 Sword and Shield Crown Zenith Galarian Gallery Secret Rare,2780,443,cmc_d1a8a79fe5185c3cceafaa15,105efdc0-db8f-42cd-8b8e-4c558e10ac4b,f14c70fa38e3201d65bf1b8e33fc74d28fcdd773316f774bdd6e956c4ba617e0,data/editorial/long-form-stories/altxyz/105efdc0-db8f-42cd-8b8e-4c558e10ac4b/summary_en.json
41,pokemon,en,GG44,Mewtwo Vstar,2023 Sword and Shield Crown Zenith Galarian Gallery,2713,421,cmc_b26568a2eee0439cdd89ae53,38ca51e4-8da1-4cd1-94e8-c086f18df5dc,72e6bc86423b26cc8028dd436b19dabed9bda9689f5b2acc8aeecaddc6b6721e,data/editorial/long-form-stories/altxyz/38ca51e4-8da1-4cd1-94e8-c086f18df5dc/summary_en.json
43,one-piece,en,OP05-119,Monkey D. Luffy,2025 A Fist of Divine Speed 3rd Anniversary Gold Foil,2965,480,cmc_2c605964de9f67642f9d6197,d26d574b-0e45-4e7a-aa57-66bd27ef61a1,4790586c9e299faf9532d9217e565f16eed8f575a36d94795395a0ab55703a6c,data/editorial/long-form-stories/altxyz/d26d574b-0e45-4e7a-aa57-66bd27ef61a1/summary_en.json
48,pokemon,en,SV49,Charizard Gx,2019 Sun and Moon Hidden Fates,2749,463,cmc_19727069ac175f158769c2f6,57be9054-6cee-407e-b3e8-ebae69d90171,e06aba01fa11667cfb5292ca2e0ff207264e5380361dfb9441372e7ae05e9e59,data/editorial/long-form-stories/altxyz/57be9054-6cee-407e-b3e8-ebae69d90171/summary_en.json
60,one-piece,en,OP06-118,Roronoa Zoro,2024 Wings of the Captain Manga Alternate Art,2806,449,cmc_0df175352be781a08a19275c,d68bf285-3bb0-4268-92e9-c643d266984c,c31f4877c0c6903fca99004b3589f39549cf451ff6828eab80450be7ee2d11a5,data/editorial/long-form-stories/altxyz/d68bf285-3bb0-4268-92e9-c643d266984c/summary_en.json
63,one-piece,en,EB02-061,Monkey D. Luffy,2025 Eb02-Extra Booster -Anime 25th Collection- Manga Alternate Art,2856,442,cmc_fc1d979ca8dcf60b9baed043,1e8aadca-d25a-49c5-99ba-2c1ce7b85892,44ae5b25e6426a1657ee0c311316907408285bda7bf0ad2ef14f58da241da000,data/editorial/long-form-stories/altxyz/1e8aadca-d25a-49c5-99ba-2c1ce7b85892/summary_en.json
69,one-piece,en,OP13-118,Monkey D. Luffy,2025 Piece Card Game Carrying On His Will,2775,473,cmc_4b5d3876c5f0c2a6d7fcfb1b,f31ebe4b-7675-46f1-86c3-245e4bc10005,5524862179c69d1b322fd7e271fa9e8f9acccf25b2874fb8258d546d8151f8df,data/editorial/long-form-stories/altxyz/f31ebe4b-7675-46f1-86c3-245e4bc10005/summary_en.json
72,one-piece,en,OP05-119,Monkey D. Luffy,2025 Piece Card Game A Fist of Divine Speed,2858,470,cmc_dfe920ea3ab9aa3c55471fd7,d2210393-3c59-4cb3-a438-ed7a70370d3d,0f20f30e555a852d23cc5a74d4a7189e27476551da97fe73bf0036a4f5df6f6d,data/editorial/long-form-stories/altxyz/d2210393-3c59-4cb3-a438-ed7a70370d3d/summary_en.json
74,pokemon,en,SV107,Charizard VMAX SUR,Sword Shield Shining Fates,2708,437,cmc_79a84c35a02d207feebd5c4e,eb8b7c12-3252-4688-9c51-e070ce60950f,1bdfe33188a41d04b70b47cbdcdca10ca6847f5f9dcc9e4ff14652fa5a5ed7a8,data/editorial/long-form-stories/altxyz/eb8b7c12-3252-4688-9c51-e070ce60950f/summary_en.json
75,pokemon,en,SM168,Pikachu/Zekrom Gx,2019 Sun and Moon Black Star Promo Tag Team Tins,2694,443,cmc_77c97c76a50a49a4d668858c,e1e4b0a7-dba2-4b49-8e29-24695e0c3a70,25364f4323083b9a674f6d301f60eb0eb394365aa22253e68f4a4ccd7fd1016d,data/editorial/long-form-stories/altxyz/e1e4b0a7-dba2-4b49-8e29-24695e0c3a70/summary_en.json
78,one-piece,en,OP01-016,Nami,2024 Premium Booster the Best Manga Alternate Art,2873,444,cmc_16890293ef095bbeecf8792a,dde83737-3fdb-4631-8b57-7836fb264422,cef341644ab20fc02154808178d5e6942d846e55476ab20082b02a4286a1b0ed,data/editorial/long-form-stories/altxyz/dde83737-3fdb-4631-8b57-7836fb264422/summary_en.json
101,pokemon,en,GG70,Arceus Vstar,2023 Sword and Shield Crown Zenith Galarian Gallery Secret Rare,2745,450,cmc_c77b02511149164339ca40c9,40bfa984-9405-4eda-b61a-6b774218799f,d339fe4bd779dc8c40a72de7c4a0c7e2c455a5d84388a107e2c2de4990815586,data/editorial/long-form-stories/altxyz/40bfa984-9405-4eda-b61a-6b774218799f/summary_en.json
103,one-piece,en,OP01-003,Monkey D. Luffy,2022 Romance Dawn Alternate Art,2923,478,cmc_7f757e4ecc3aa9b69b5dd012,d1302f6a-183f-43e8-84c1-1f6867e12d10,85c0dffccca83d3b00b4c9896056e4cc70e5aa8a7ca0341077623ecdab32e47a,data/editorial/long-form-stories/altxyz/d1302f6a-183f-43e8-84c1-1f6867e12d10/summary_en.json
104,pokemon,en,TG20,Rayquaza Vmax,2022 Sword and Shield Silver Tempest Trainer Gallery,2625,421,cmc_5964def2b98493de2fbea6d7,8ba5e47a-9f2e-4c14-a2b4-bd5bb65f1e74,8afb467f38a98b11e33209bdbdd85282a0790dc5c9f2c158e45efa34f92c3203,data/editorial/long-form-stories/altxyz/8ba5e47a-9f2e-4c14-a2b4-bd5bb65f1e74/summary_en.json
107,one-piece,en,OP07-051,Boa Hancock,2024 500 Years In the Future Manga Art,2787,444,cmc_efdcf43dc1f206f6636fa2d0,d00d2083-0262-4d4f-8550-348e76573afc,1724d2739c4de3fe2362dde66a41fbbe701473a302ddcec0d05c7dc562e54966,data/editorial/long-form-stories/altxyz/d00d2083-0262-4d4f-8550-348e76573afc/summary_en.json
128,one-piece,en,OP11-118,Monkey D. Luffy,2025 A Fist of Divine Speed Manga Alternate Art,2818,442,cmc_a97002894deef0055a443602,d2c7ca43-7bc6-420b-8321-d817970ba02e,00d43494ef368136e414fa228be0999af84e1ce0d1dcb2b0cabc95b1325c2fae,data/editorial/long-form-stories/altxyz/d2c7ca43-7bc6-420b-8321-d817970ba02e/summary_en.json
132,one-piece,en,OP01-078,Boa Hancock,2023 Kingdoms of Intrigue,2865,457,cmc_dacb08e98dd4781013b9b9de,8f872687-5dac-4339-bd85-cc26c7107e9d,b7157609f4d90d84bcd43d5ae0fe23f929a7669331c9301a33b5ede0b2636086,data/editorial/long-form-stories/altxyz/8f872687-5dac-4339-bd85-cc26c7107e9d/summary_en.json
134,one-piece,en,OP13-118,Monkey D. Luffy,2025 Carrying On His Will (Op13) - English Manga Alt. Art Parallel,2861,437,cmc_79579a6d522f2e49f0e54949,f3741d7c-c2f3-4775-a8f2-f08b2f9cab66,f9889270fc4e6a929a93e4ebffa934d97ec9e6c0211f9b8457af9d0ba8adab76,data/editorial/long-form-stories/altxyz/f3741d7c-c2f3-4775-a8f2-f08b2f9cab66/summary_en.json
146,one-piece,en,OP05-119,Monkey D Luffy,2024 Premium Booster: the Best English Manga Alt. Art Parallel,2895,457,cmc_d911b2f32f701c32ada0f8af,7c57a2c7-6647-4603-9651-d522e997db3f,f6f286926776a8c8a3cf1e578a0f011e5945a662d04c5175f940614675da025a,data/editorial/long-form-stories/altxyz/7c57a2c7-6647-4603-9651-d522e997db3f/summary_en.json
163,one-piece,en,ST21-014,Monkey D. Luffy,2025 3rd Anniversary! One Piece Card Treasure Campaign Pack,2874,446,cmc_a0accd63b7240ff7357ec7ba,1bd945cb-dc7c-42be-a90e-a62fb2dbfd5d,b0b235d124ec79e8aaa017e9f89f4b5bb48219d4b63e7ea23e820e6f8d3fc03e,data/editorial/long-form-stories/altxyz/1bd945cb-dc7c-42be-a90e-a62fb2dbfd5d/summary_en.json
171,one-piece,en,OP09-119,Monkey D Luffy,"2024 Emperors In the New World (Op09) - English (Borderless, Manga Art) Alt Art",2933,466,cmc_b9e3dbde32ffa1418c85447c,484c087a-94ae-4e5a-90ac-06f75236c848,0629cea7a9d33bcd22e27ea550902a8cbbf3c887be4ac86d7f2b54d82c88e41b,data/editorial/long-form-stories/altxyz/484c087a-94ae-4e5a-90ac-06f75236c848/summary_en.json
175,one-piece,en,EB01-006,Tony Tony Chopper,2024 Memorial Collection Manga Alternate Art,2743,423,cmc_d28f13261d43426bf2db2076,ea7108b2-3e49-4253-a736-5f6923bd15c1,abb7daaf924a93b0289805955506d0457291c75f74f5a5a7ab26f6b34b217065,data/editorial/long-form-stories/altxyz/ea7108b2-3e49-4253-a736-5f6923bd15c1/summary_en.json
188,one-piece,en,OP02-013,Portgas D. Ace,2023 Japanese Manga Art,2851,446,cmc_0dca1574369a3b550922f228,d2b07a31-e001-4819-a6f8-d405548ac6bf,dd4c0ae52e9e7645164880435d3c6d37f84843ced2c2a8cd75ef8e7a8379b4b5,data/editorial/long-form-stories/altxyz/d2b07a31-e001-4819-a6f8-d405548ac6bf/summary_en.json
192,one-piece,en,OP06-119,Sanji,2025 Premium Booster: the Best Vol.2 (Prb-02) - English Manga Alt. Art Parallel (En Above Japan On Border),2886,453,cmc_48f49134505612b25e5792fa,e10dfc65-66d6-4c21-80e8-355455c075bb,a74e99bf476c772caccdb7dc5af3206a5815a6661a6261cbfb1181ce409a13e1,data/editorial/long-form-stories/altxyz/e10dfc65-66d6-4c21-80e8-355455c075bb/summary_en.json
197,one-piece,en,OP09-050,Nami,2025 Card Game Promo Championship Offline Regionals Top  Prize,2884,447,cmc_6b7c379edd7d4a83728b6fc3,14b5af37-916e-491e-afbe-d3098d745868,eccabe43f6d480977c45f0129d59235ad6ded8974133099206a6689481076441,data/editorial/long-form-stories/altxyz/14b5af37-916e-491e-afbe-d3098d745868/summary_en.json
