rank,variant_id,tcg,name,set,collector_number,price_usd,psa10_pop,market_cap_usd,pop_last_date,price_last_date,shadow_rank,eligible_rank
1,1,pokemon,Pikachu with Grey Felt Hat,SVP EN “Van gogh exhibition”,085/SVP,3054.554341,49517,151252367.303297,2026-07-24,2026-07-25,1,1
2,2,pokemon,Pikachu,SWSH: Sword & Shield Promo Cards,227/S-P,3848.738469,21194,81570163.111986,2026-07-24,2026-07-24,2,2
3,4,pokemon,Pikachu Munch,SM-P,288/SM-P,14967.316269,3930,58821552.937170,2026-07-25,2026-07-24,3,3
4,9,pokemon,Poncho,XY Promos,208/XY-P,22800.000000,2419,55153200.000000,2026-07-25,2026-07-24,4,4
5,7,pokemon,Poncho,XY Promos,207/XY-P,22800.000000,2389,54469200.000000,2026-07-24,2026-07-24,5,5
6,5,pokemon,Mega Charizard X ex,M2: Inferno X,110/080,1075.203128,47266,50820551.048048,2026-07-24,2026-07-25,6,6
7,6,pokemon,Umbreon ex,SV8a: Terastal Fest ex,217/187,610.910868,77238,47185533.622584,2026-07-24,2026-07-25,7,7
8,13,pokemon,Poncho,XY-P: XY Promos,230/XY-P,19750.000000,2290,45227500.000000,2026-07-25,2026-07-24,8,8
9,8,one-piece,Monkey.D.Luffy L,Promotional Card ONE PIECE Card Game x Los Angeles Dodgers,EB02-010,3991.648244,11288,45057725.378272,2026-07-24,2026-07-24,9,9
10,10,pokemon,Luigi Pikachu,XY-P: XY Promos,296/XY-P,17349.868654,2358,40910990.286132,2026-07-24,2026-07-24,10,10
11,11,pokemon,Charizard EX,XY-P: XY Promos,276/XY-P,11667.894866,3343,39005772.537038,2026-07-24,2026-07-24,11,11
12,12,pokemon,Poncho,XY-P: XY Promos,231/XY-P,16800.048873,2128,35750504.001744,2026-07-24,2026-07-24,12,12
13,21,pokemon,Team Skull Pikachu,Special BOX Member Pretend Pikachu,013/SM-P,14056.055023,2089,29363098.943047,2026-07-24,2026-07-24,13,13
14,15,pokemon,Giratina V,S11: Lost Abyss,111/100,2161.630000,13516,29216591.080000,2026-07-25,2026-07-24,14,14
15,22,one-piece,Monkey.D.Luffy SEC-SP Booster Pack Awakening Of The New Era,Comic Parallel,OP05-119,9702.775731,2968,28797838.369608,2026-07-24,2026-07-24,15,15
16,16,pokemon,Mimikyu,SM-P: Sun & Moon Promos,289/SM-P,19344.141489,1451,28068349.300539,2026-07-24,2026-07-24,16,16
17,17,pokemon,Charizard ex,SV2a: Pokemon Card 151,201/165,729.427577,37002,26990279.204154,2026-07-24,2026-07-25,17,17
18,19,one-piece,Monkey D Luffy,2023 Awakening of the New Era Special Art,ST01-012,18576.000000,1392,25857792.000000,2026-07-25,2026-07-24,18,18
19,18,pokemon,Charizard,s8a-P: Promo Card Pack 25th Anniversary Edition,001/025,767.688924,33112,25419715.651488,2026-07-24,2026-07-24,19,19
20,20,pokemon,Latias & Latios GX,SM9: Tag Bolt,105/095,8002.932372,3170,25369295.619240,2026-07-25,2026-07-25,20,20
21,26,pokemon,Mario Pikachu,XY-P: XY Promos,293/XY-P,10255.465488,2383,24438774.257904,2026-07-24,2026-07-24,21,21
22,25,pokemon,Red's Pikachu,SM-P: Sun & Moon Promos,270/SM-P,1312.474800,17953,23562860.084400,2026-07-25,2026-07-24,22,22
23,23,pokemon,Mew ex,SV4a: Shiny Treasure ex,347/190,909.493555,25901,23556792.568055,2026-07-24,2026-07-25,23,23
24,27,pokemon,Psyduck,SM-P: Sun & Moon Promos,286/SM-P,11360.845001,1942,22062760.991942,2026-07-24,2026-07-24,24,24
25,24,one-piece,Monkey D. Luffy,2023 Awakening of the New Era Manga Alternate Art,OP05-119,19487.000000,1126,21942362.000000,2026-07-25,2026-07-24,25,25
26,29,pokemon,Gengar VMAX,SS: Gengar VMAX High-Class Deck,020/019,2504.734559,7993,20020343.330087,2026-07-24,2026-07-24,26,26
27,33,pokemon,Lillie,SM4+: GX Battle Boost,119/114,16549.987718,1200,19859985.261600,2026-07-24,2026-07-24,27,27
28,30,pokemon,Detective Pikachu,SV-P,098/SV-P,409.206427,47676,19509325.613652,2026-07-24,2026-07-25,28,28
29,31,pokemon,Moltres Zapdos Articuno GX,Sun Moon Promotional Card,SM210,440.000000,41868,18421920.000000,2026-07-24,2026-07-24,29,29
30,51,pokemon,Luigi Pikachu,XY-P: XY Promos,295/XY-P,7341.562270,2337,17157231.024990,2026-07-25,2026-07-24,30,30
31,35,pokemon,Pikachu,Promotional Cards 5th Anniversary Card,153/SV-P,3250.000000,5264,17108000.000000,2026-07-24,2026-07-25,31,31
32,38,pokemon,Pikachu ex,WCS23: 2023 World Championships Yokohama Deck: Pikachu,001/030,608.668825,27959,17017771.678175,2026-07-24,2026-07-24,32,32
33,45,pokemon,Pikachu EX,CP6: Expansion Pack 20th Anniversary,094/087,9163.663022,1857,17016922.231854,2026-07-25,2026-07-24,33,33
34,32,pokemon,_____'s Pikachu,s8a-P: Promo Card Pack 25th Anniversary Edition,007/025,648.518541,26196,16988591.700036,2026-07-24,2026-07-25,34,34
35,37,pokemon,Mega Gengar ex,M2a: High Class Pack: MEGA Dream ex,240/193,567.670597,29763,16895579.978511,2026-07-24,2026-07-25,35,35
36,34,pokemon,Mew/Mewtwo Gx,2019 Sun and Moon Black Star Promo Power Partnership Tins,SM191,1749.990000,9531,16679154.690000,2026-07-24,2026-07-24,36,36
37,40,pokemon,Eevee,SM-P: Sun & Moon Promos,287/SM-P,5158.437730,3223,16625644.803790,2026-07-24,2026-07-24,37,37
38,36,one-piece,Monkey.D.Luffy SEC-SPC 3th Anniversary Special Card Booster Pack A Fist of Divine Speed,Gold Background,OP05-119,13256.765838,1240,16438389.639120,2026-07-24,2026-07-24,38,38
39,39,pokemon,Giratina Vstar,2023 Sword and Shield Crown Zenith Galarian Gallery Secret Rare,GG69,689.995000,23805,16425330.975000,2026-07-25,2026-07-24,39,39
40,46,pokemon,Magikarp,SV1a: Triplet Beat,080/073,283.144969,56446,15982400.920174,2026-07-25,2026-07-25,40,40
41,41,pokemon,Mewtwo Vstar,2023 Sword and Shield Crown Zenith Galarian Gallery,GG44,606.635000,25822,15664528.970000,2026-07-24,2026-07-24,41,41
42,48,pokemon,Charizard Gx,2019 Sun and Moon Hidden Fates,SV49,1585.000000,9517,15084445.000000,2026-07-24,2026-07-24,42,42
43,53,pokemon,Pikachu,SM-P: Sun & Moon Promos,400/SM-P,5388.233857,2798,15076278.331886,2026-07-24,2026-07-25,43,43
44,50,pokemon,Pikachu & Zekrom GX,SM9: Tag Bolt,101/095,4881.177836,3081,15038908.912716,2026-07-24,2026-07-25,44,44
45,49,pokemon,Pikachu ex,SV8: Super Electric Breaker,132/106,731.871220,19528,14291981.184160,2026-07-24,2026-07-25,45,45
46,44,pokemon,Pikachu,CP3: PokeKyun Collection,010/032,4700.812511,2967,13947310.720137,2026-07-24,2026-07-25,46,46
47,56,one-piece,Monkey.D.Luffy SEC-SP Extra Booster Anime 25th Collection,Comic Parallel,EB02-061,5821.665438,2300,13389830.507400,2026-07-24,2026-07-24,47,47
48,55,pokemon,Pikachu ex,M2a: High Class Pack: MEGA Dream ex,234/193,479.974342,27308,13107139.331336,2026-07-24,2026-07-25,48,48
49,60,one-piece,Roronoa Zoro,2024 Wings of the Captain Manga Alternate Art,OP06-118,4865.000000,2575,12527375.000000,2026-07-24,2026-07-24,49,49
50,57,pokemon,Pikachu,S-P Promotional cards「YU NAGABA×Pokemon Card Game」,208/S-P,323.122976,38670,12495165.481920,2026-07-24,2026-07-25,50,50
51,59,pokemon,Mega Charizard X ex,M2: Inferno X,116/080,2810.189993,4383,12317062.739319,2026-07-24,2026-07-25,51,51
52,61,pokemon,Mew ex,SV2a: Pokemon Card 151,205/165,549.819781,21445,11790885.203545,2026-07-24,2026-07-25,52,52
53,65,pokemon,Mewtwo GX,SM3+: Shining Legends,082/072,4826.195858,2403,11597348.646774,2026-07-24,2026-07-24,53,53
54,74,pokemon,Charizard VMAX SUR,Sword Shield Shining Fates,SV107,320.000000,35851,11472320.000000,2026-07-24,2026-07-25,54,54
55,96,pokemon,Charizard,CP6: Expansion Pack 20th Anniversary,011/087,1275.000000,8600,10965000.000000,2026-07-25,2026-07-24,55,55
56,66,pokemon,Charizard ex,SV4a: Shiny Treasure ex,349/190,448.255849,24007,10761278.166943,2026-07-24,2026-07-25,56,56
57,70,pokemon,Cramorant,SWSH: Sword & Shield Promo Cards,226/S-P,650.009164,16362,10635449.941368,2026-07-25,2026-07-24,57,57
58,131,pokemon,Charizard VMAX,Sword Shield Promotional Card,SWSH261,1049.995000,9864,10357150.680000,2026-07-24,2026-07-24,58,58
59,64,one-piece,Roronoa Zoro SEC-SP Booster Pack Wings Of The Captain,Comic Parallel,OP06-118,2443.643472,4191,10241309.791152,2026-07-25,2026-07-24,59,59
60,77,pokemon,Pikachu,S12a: VSTAR Universe,205/172,578.306555,17575,10163737.704125,2026-07-25,2026-07-24,60,60
61,85,pokemon,Reshiram ex,SV11W: White Flare,174/086,796.933227,12674,10100331.718998,2026-07-24,2026-07-24,61,61
62,68,pokemon,Lillie,SM1M: Collection Moon,066/060,8674.934327,1161,10071598.753647,2026-07-25,2026-07-25,62,62
63,73,pokemon,Sylveon ex,SV8a: Terastal Fest ex,212/187,201.600586,49670,10013501.106620,2026-07-24,2026-07-25,63,63
64,79,pokemon,Charizard ex,SV3: Ruler of the Black Flame,134/108,505.821981,19588,9908040.963828,2026-07-24,2026-07-25,64,64
65,78,one-piece,Nami,2024 Premium Booster the Best Manga Alternate Art,OP01-016,3681.000000,2651,9758331.000000,2026-07-24,2026-07-24,65,65
66,81,pokemon,Umbreon Star,s8a-P: Promo Card Pack 25th Anniversary Edition,012/025,351.273749,27570,9684617.259930,2026-07-24,2026-07-25,66,66
67,71,one-piece,Nami R-SP Premium Booster One Piece Card The Best,Comic Parallel,OP01-016,1130.185106,8530,9640478.954180,2026-07-25,2026-07-23,67,67
68,80,one-piece,Gol D. Roger SEC-GSP,Booster Pack Emperors In The New World,OP09-118,7184.966839,1338,9613485.630582,2026-07-25,2026-07-24,68,68
69,84,pokemon,Gengar & Mimikyu GX,SM9: Tag Bolt,103/095,3512.737492,2733,9600311.565636,2026-07-24,2026-07-23,69,69
70,75,pokemon,Pikachu/Zekrom Gx,2019 Sun and Moon Black Star Promo Tag Team Tins,SM168,1797.530000,5268,9469388.040000,2026-07-25,2026-07-24,70,70
71,109,pokemon,Flareon EX,CP3: PokeKyun Collection,007/032,3558.555807,2658,9458641.335006,2026-07-24,2026-07-24,71,71
72,86,pokemon,Zekrom ex,SV11B: Black Bolt,174/086,720.874824,12825,9245219.617800,2026-07-25,2026-07-24,72,72
73,98,one-piece,Shanks SEC-SP Booster Pack ROMANCE DAWN,Comic Parallel,OP01-120,2161.631049,4163,8998870.056987,2026-07-25,2026-07-24,73,73
74,87,one-piece,Boa Hancock SR-SP Booster Pack The Future After 500 years,Comic Parallel,OP07-051,1995.824122,4486,8953267.011292,2026-07-25,2026-07-24,74,74
75,91,pokemon,Rayquaza V,S7R: Blue Sky Stream,076/067,1771.641518,5051,8948561.307418,2026-07-24,2026-07-25,75,75
76,83,pokemon,Pikachu,SV2a: Pokemon Card 151,025/165,716.292993,12432,8904954.488976,2026-07-24,2026-07-24,76,76
77,88,pokemon,Giratina VSTAR,S12a: VSTAR Universe,261/172,299.010324,29559,8838446.167116,2026-07-24,2026-07-25,77,77
78,94,pokemon,Iono,SV2D: Clay Burst,096/071,521.125298,16917,8815876.666266,2026-07-24,2026-07-25,78,78
79,82,pokemon,Special Delivery Charizard,Sword Shield 2022 Pokemon Center UK Special Promo,SWSH075,1925.000000,4524,8708700.000000,2026-07-24,2026-07-24,79,79
80,93,pokemon,Umbreon & Darkrai GX,SM12a: TAG TEAM GX: Tag All Stars,182/173,1822.548720,4765,8684444.650800,2026-07-25,2026-07-24,80,80
81,97,pokemon,Sightseer,SM12a: TAG TEAM GX: Tag All Stars,192/173,1542.549942,5616,8662960.474272,2026-07-24,2026-07-24,81,81
82,95,pokemon,Lillie's Determination,m1L: Mega Brave,091/063,441.554157,19587,8648721.273159,2026-07-25,2026-07-25,82,82
83,92,pokemon,Kanazawa Pikachu With Mark,S-P,144/S-P,408.821553,21092,8622864.195876,2026-07-24,2026-07-25,83,83
84,90,one-piece,Trafalgar Law,Champion Ship Prize,ST10-010,4943.502825,1720,8502824.859000,2026-07-24,2026-07-24,84,84
85,101,pokemon,Arceus Vstar,2023 Sword and Shield Crown Zenith Galarian Gallery Secret Rare,GG70,416.000000,20108,8364928.000000,2026-07-24,2026-07-24,85,85
86,102,one-piece,Shanks SEC-SP Booster Pack ROMANCE DAWN,Comic Parallel,OP01-120,5546.000000,1500,8319000.000000,2026-07-24,2026-07-24,86,86
87,100,pokemon,Team Rocket's Mewtwo ex,SV10: The Glory of Team Rocket,125/098,706.762783,11682,8256402.831006,2026-07-24,2026-07-25,87,87
88,99,pokemon,Mew VMAX,S8: Fusion Arts,119/100,1429.531431,5765,8241248.699715,2026-07-24,2026-07-25,88,88
89,105,pokemon,Umbreon,SV-P Promotional cards「YU NAGABA×Pokemon Card Game」,067/SV-P,277.017533,28548,7908296.532084,2026-07-24,2026-07-24,89,89
90,120,pokemon,Mewtwo & Mew GX,SM11: Miracle Twin,098/094,3573.828578,2173,7765929.499994,2026-07-25,2026-07-25,90,90
91,107,one-piece,Boa Hancock,2024 500 Years In the Future Manga Art,OP07-051,3180.000000,2438,7752840.000000,2026-07-24,2026-07-24,91,91
92,115,pokemon,Kingdra ex,Scarlet Violet Promotional Card,131/SVP,418.740000,18191,7617299.340000,2026-07-24,2026-07-25,92,92
93,112,one-piece,Monkey.D.Luffy SEC-SPC 3th Anniversary Special Card Booster Pack A Fist of Divine Speed,Silver Background,OP05-119,6755.097028,1114,7525178.089192,2026-07-25,2026-07-24,93,93
94,111,one-piece,Monkey.D.Luff,1st Anniversary Set,ST10-006,5833.947433,1286,7502456.398838,,2026-07-24,94,94
95,104,pokemon,Rayquaza Vmax,2022 Sword and Shield Silver Tempest Trainer Gallery,TG20,447.495000,16614,7434681.930000,2026-07-25,2026-07-24,95,95
96,127,pokemon,Mega Dragonite ex,M2a: High Class Pack: MEGA Dream ex,246/193,326.886187,22646,7402664.590802,2026-07-24,2026-07-25,96,96
97,133,pokemon,Fukuoka's Pikachu,Special Box Pokemon Center Fukuoka,289/SV-P,268.678600,27084,7276891.202400,2026-07-24,2026-07-25,97,97
98,125,pokemon,Manzai play Pikachu,S-P,407/SM-P,1001.282913,7199,7208235.690687,2026-07-25,2026-07-24,98,98
99,113,pokemon,Hiroshima's Pikachu,SV-P Promotional Cards,261/SV-P,356.955220,20168,7199072.876960,2026-07-24,2026-07-25,99,99
100,119,pokemon,Pikachu,Pokemon Card Festa 2017,061/SM-P,3176.736514,2232,7090475.899248,2026-07-24,2026-07-24,100,100
101,114,pokemon,Pikachu,SV-P Promotional Cards,1/SV-P,94.281874,74171,6992980.876454,2026-07-24,2026-07-25,101,101
102,116,pokemon,Charizard VSTAR,S12a: VSTAR Universe,212/172,179.809396,37772,6791760.505712,2026-07-24,2026-07-25,102,102
103,117,pokemon,Pretend Tea Ceremony Pikachu,SM-P: Sun & Moon Promos,325/SM-P,1130.000000,5983,6760790.000000,2026-07-24,2026-07-24,103,103
104,126,pokemon,Mewtwo VSTAR,S12a: VSTAR Universe,221/172,204.655141,32991,6751777.756731,2026-07-24,2026-07-25,104,104
105,128,one-piece,Monkey D. Luffy,2025 A Fist of Divine Speed Manga Alternate Art,OP11-118,2400.000000,2772,6652800.000000,2026-07-24,2026-07-24,105,105
106,129,pokemon,Espeon VMAX,S-P,189/S-P,468.324271,14105,6605713.842455,2026-07-24,2026-07-25,106,106
107,132,one-piece,Boa Hancock,2023 Kingdoms of Intrigue,OP01-078,2690.000000,2453,6598570.000000,2026-07-25,2026-07-24,107,107
108,130,pokemon,Charizard VMAX,S4a: Shiny Star V,308/190,245.891624,26287,6463753.120088,2026-07-24,2026-07-25,108,108
109,122,pokemon,Greninja ex,Scarlet Violet Shrouded Fable Greninja ex Special Illustration Collection,132/SVP,440.000000,14687,6462280.000000,2026-07-25,2026-07-25,109,109
110,134,one-piece,Monkey D. Luffy,2025 Carrying On His Will (Op13) - English Manga Alt. Art Parallel,OP13-118,5722.000000,1129,6460138.000000,2026-07-24,2026-07-24,110,110
111,173,pokemon,Friends in Alola,SM-P: Sun & Moon Promos,401/SM-P,4256.014417,1514,6443605.827338,2026-07-25,2026-07-24,111,111
112,139,pokemon,Charizard GX,SM8b: GX Ultra Shiny,209/150,2238.988332,2842,6363204.839544,2026-07-24,2026-07-25,112,112
113,137,one-piece,Monkey.D.Luffy SEC-SP Booster Pack CARRYING ON HIS WILL,Comic Parallel,OP13-118,3500.368460,1807,6325165.807220,2026-07-25,2026-07-24,113,113
114,142,pokemon,Shibuya Pikachu,S-P,002/S-P,824.729672,7572,6244853.076384,2026-07-25,2026-07-25,114,114
115,136,pokemon,Pikachu,SM11b: Dream League,054/049,395.564787,15688,6205620.378456,2026-07-24,2026-07-25,115,115
116,166,pokemon,Tohoku's Pikachu,Special Box Pokemon Center Tohoku,260/SV-P,280.408088,21958,6157200.796304,2026-07-24,2026-07-25,116,116
117,144,pokemon,Clefairy,SM Promos,381/SM-P,565.000000,10867,6139855.000000,2026-07-25,2026-07-24,117,117
118,148,pokemon,Lisia,SM7: Sky-Splitting Charisma,104/096,1780.805181,3365,5992409.434065,2026-07-24,2026-07-25,118,118
119,164,pokemon,Victini,Promotional Cards Victini BWR Competition Top Prize,288/SV-P,1710.550431,3498,5983505.407638,2026-07-24,2026-07-24,119,119
120,153,pokemon,Espeon ex,SV8a: Terastal Fest ex,211/187,150.974403,39070,5898569.925210,2026-07-24,2026-07-25,120,120
121,150,one-piece,Monkey.D.Luffy SEC-SP Booster Pack A Fist of Divine Speed,Comic Parallel,OP11-118,1621.223287,3574,5794252.027738,2026-07-25,2026-07-24,121,121
122,143,pokemon,Greninja ex,SV5a: Crimson Haze,090/066,387.928401,14850,5760736.754850,2026-07-24,2026-07-25,122,122
123,152,pokemon,Reshiram & Charizard GX,SM10: Double Blaze,097/095,2016.005865,2837,5719408.639005,2026-07-24,2026-07-24,123,123
124,154,pokemon,Team Aqua's Kyogre EX,CP1: Magma Gang vs Aqua Gang: Double Crisis,006/034,2509.825596,2278,5717382.707688,2026-07-24,2026-07-24,124,124
125,157,one-piece,Roronoa Zoro,Flagship Battle Victory souvenir,OP01-025,2880.127733,1974,5685372.144942,,2026-07-24,125,125
126,162,pokemon,Mew,CP5: Mythical & Legendary Dream Shine Collection,017/036,2016.005865,2760,5564176.187400,2026-07-24,2026-07-24,126,126
127,159,pokemon,Team Magma's Groudon EX,CP1: Magma Gang vs Aqua Gang: Double Crisis,015/034,3316.138541,1671,5541267.502011,2026-07-25,2026-07-24,127,127
128,149,pokemon,Charizard EX,CP6: Expansion Pack 20th Anniversary,090/087,4022.347089,1373,5522682.553197,2026-07-25,2026-07-24,128,128
129,161,pokemon,Greninja Star,Sword Shield Celebrations Promotional Card,SWSH144,1830.017195,2990,5471751.413050,2026-07-24,2026-07-24,129,129
130,165,pokemon,Venusaur ex,SV2a: Pokemon Card 151,200/165,242.531615,22547,5468360.323405,2026-07-24,2026-07-24,130,130
131,155,pokemon,Arceus VSTAR,S12a: VSTAR Universe,262/172,223.440650,24295,5428490.591750,2026-07-25,2026-07-25,131,131
132,167,pokemon,Pikachu Seven-Eleven,S-P,001/S-P,1182.112530,4570,5402254.262100,2026-07-24,2026-07-24,132,132
133,163,one-piece,Monkey D. Luffy,2025 3rd Anniversary! One Piece Card Treasure Campaign Pack,ST21-014,4468.000000,1203,5375004.000000,,2026-07-24,133,133
134,158,pokemon,Easter's Pikachu,SM-P,055/SM-P,3623.188406,1481,5365942.029286,2026-07-24,2026-07-24,134,134
135,169,pokemon,Member Pretend Pikachu,Special BOX Member Pretend Pikachu,014/SM-P,2947.678703,1799,5302873.986697,2026-07-24,2026-07-24,135,135
136,174,pokemon,Solgaleo & Lunala GX,SM11b: Dream League,063/049,490.763028,10781,5290916.204868,2026-07-24,2026-07-23,136,136
137,170,pokemon,Eevee,SV-P Promotional Cards,62/SV-P,245.500000,21091,5177840.500000,2026-07-25,2026-07-24,137,137
138,171,one-piece,Monkey D Luffy,"2024 Emperors In the New World (Op09) - English (Borderless, Manga Art) Alt Art",OP09-119,5279.000000,976,5152304.000000,2026-07-24,2026-07-24,138,
139,184,pokemon,Mega Rayquaza EX,XY7: Bandit Ring,095/081,4177.103061,1196,4995815.260956,2026-07-24,2026-07-25,139,138
140,186,pokemon,Pikachu,SM-P: Sun & Moon Promos,224/SM-P,1209.603519,4128,4993243.326432,2026-07-24,2026-07-23,140,139
141,176,pokemon,Pikachu,SV2a: Pokemon Card 151,173/165,109.963956,45275,4978618.107900,2026-07-24,2026-07-25,141,140
142,108,pokemon,Mega Charizard X ex,M2a: High Class Pack: MEGA Dream ex,223/193,108.772680,45662,4966778.114160,2026-07-24,2026-07-25,142,141
143,181,pokemon,Erika's Hospitality,SM12a: TAG TEAM GX: Tag All Stars,190/173,1191.276193,4161,4956900.239073,2026-07-24,2026-07-25,143,142
144,193,pokemon,Glaceon ex,SV8a: Terastal Fest ex,206/187,134.400391,36797,4945531.187627,2026-07-24,2026-07-25,144,143
145,182,pokemon,Leafeon ex,SV8a: Terastal Fest ex,200/187,128.016372,38164,4885616.821008,2026-07-24,2026-07-24,145,144
146,177,pokemon,Blastoise ex,SV2a: Pokemon Card 151,202/165,213.812695,22737,4861459.246215,2026-07-24,2026-07-24,146,145
147,183,pokemon,Lillie's Full Force,SM11b: Dream League,068/049,530.728817,9105,4832285.878785,2026-07-24,2026-07-25,147,146
148,172,pokemon,Moltres & Zapdos & Articuno GX,SM10b: Sky Legend,060/054,2688.007820,1786,4800781.966520,2026-07-25,2026-07-25,148,147
149,185,pokemon,Marnie,S1H: Shield,068/060,568.147107,8416,4781526.052512,2026-07-25,2026-07-25,149,148
150,190,pokemon,Shining Magikarp,s8a-P: Promo Card Pack 25th Anniversary Edition,010/025,213.812695,22107,4726757.248365,2026-07-25,2026-07-25,150,149
151,188,one-piece,Portgas D. Ace,2023 Japanese Manga Art,OP02-013,3125.000000,1504,4700000.000000,2026-07-24,2026-07-24,151,150
152,192,one-piece,Sanji,2025 Premium Booster: the Best Vol.2 (Prb-02) - English Manga Alt. Art Parallel (En Above Japan On Border),OP06-119,4497.000000,1041,4681377.000000,2026-07-25,2026-07-24,152,151
153,189,pokemon,Pikachu,S10a: Dark Phantasma,073/071,147.840430,31255,4620752.639650,2026-07-24,2026-07-25,153,152
154,197,one-piece,Nami,2025 Card Game Promo Championship Offline Regionals Top  Prize,OP09-050,4584.000000,999,4579416.000000,2026-07-25,2026-07-24,154,
155,179,pokemon,Mew,S8a: 25th Anniversary Collection,030/028,501.557823,9126,4577216.692698,2026-07-25,2026-07-25,155,153
156,198,pokemon,Pikachu wearing a poncho,SM-P,037/SM-P,3371.407517,1345,4534543.110365,2026-07-25,2026-07-24,156,154
157,195,pokemon,Charizard V,S4a: Shiny Star V,307/190,240.698882,18777,4519602.907314,2026-07-24,2026-07-24,157,155
158,160,pokemon,Lillie's Clefairy ex,SV9: Battle Partners,126/100,206.250000,21762,4488412.500000,2026-07-24,2026-07-23,158,156
159,212,pokemon,Flareon,SV-P Promotional cards「YU NAGABA×Pokemon Card Game」,065/SV-P,195.000000,22861,4457895.000000,2026-07-24,2026-07-25,159,157
160,191,pokemon,Vaporeon ex,SV8a: Terastal Fest ex,205/187,115.596554,38528,4453704.032512,2026-07-24,2026-07-25,160,158
161,204,pokemon,Gengar & Mimikyu GX,SM9: Tag Bolt,038/095,352.898772,12559,4432055.677548,2026-07-24,2026-07-25,161,159
162,201,pokemon,Okuge,XY-P: XY Promos,221/XY-P,2290.915755,1921,4400849.165355,2026-07-25,2026-07-25,162,160
163,213,pokemon,Armored Mewtwo,SM-P: Sun & Moon Promos,365/SM-P,960.000000,4310,4137600.000000,2026-07-24,2026-07-23,163,161
164,207,pokemon,Rosa,SM11b: Dream League,067/049,473.455923,8694,4116225.794562,2026-07-24,2026-07-25,164,162
165,205,pokemon,Mew,S12a: VSTAR Universe,183/172,138.676767,29087,4033691.121729,2026-07-25,2026-07-25,165,163
166,214,pokemon,Flareon ex,SV8a: Terastal Fest ex,202/187,109.554646,36543,4003455.428778,2026-07-25,2026-07-25,166,164
167,219,pokemon,Jolteon ex,SV8a: Terastal Fest ex,209/187,103.854848,37213,3864750.458624,2026-07-24,2026-07-25,167,165
168,215,pokemon,Team Rocket's Mewtwo ex,M2a: High Class Pack: MEGA Dream ex,237/193,238.853931,15880,3793000.424280,2026-07-24,2026-07-25,168,166
169,222,pokemon,Marnie,S4a: Shiny Star V,198/190,189.382369,19733,3737082.287477,2026-07-24,2026-07-24,169,167
170,187,pokemon,Eevee ex,SV8a: Terastal Fest ex,224/187,95.430387,38936,3715677.548232,2026-07-24,2026-07-25,170,168
171,210,pokemon,M Rayquaza EX,s8a-P: Promo Card Pack 25th Anniversary Edition,024/025,258.616898,14254,3686325.264092,2026-07-24,2026-07-25,171,169
172,218,pokemon,Leafeon,SV-P Promotional cards「YU NAGABA×Pokemon Card Game」,068/SV-P,166.167756,21862,3632759.481672,2026-07-24,2026-07-25,172,170
173,229,pokemon,Mega Dragonite ex,M2a: High Class Pack: MEGA Dream ex,250/193,524.424217,6837,3585488.371629,2026-07-25,2026-07-25,173,171
174,223,pokemon,Rayquaza VMAX,S8b: VMAX Climax,252/184,354.328304,9975,3534424.832400,2026-07-24,2026-07-25,174,172
175,196,pokemon,Mewtwo,SV2a: Pokemon Card 151,183/165,113.415603,30284,3434678.121252,2026-07-24,2026-07-25,175,173
176,233,pokemon,Kanazawa Pikachu No Mark S-P,No Mark,147/S-P,1325.676584,2578,3417594.233552,2026-07-25,2026-07-24,176,174
177,241,pokemon,Eevee ex,SV8a: Terastal Fest ex,223/187,100.012218,33365,3336907.653570,2026-07-25,2026-07-25,177,175
178,248,pokemon,Arceus & Dialga & Palkia GX,SM12: Alter Genesis,100/095,1081.312237,3034,3280701.327058,2026-07-24,2026-07-24,178,176
179,235,pokemon,Umbreon,SV8a: Terastal Fest ex,092/187,238.255239,13591,3238126.953249,2026-07-25,2026-07-24,179,177
180,243,pokemon,Reshiram & Zekrom GX,SM11b: Dream League,064/049,448.958397,7207,3235643.167179,2026-07-24,2026-07-25,180,178
181,251,pokemon,Mega Gardevoir ex,m1S: Mega Symphonia,087/063,160.425194,19949,3200322.195106,2026-07-25,2026-07-25,181,179
182,236,pokemon,Yokohama's Pikachu,SM-P: Sun & Moon Promos,283/SM-P,1062.374000,3011,3198808.114000,2026-07-24,2026-07-23,182,180
183,237,pokemon,Pikachu,Illustration Contest 2024 Promo Card Commemoration Campaign for Award-Winning Works,242/SV-P,97.403629,32606,3175942.727174,2026-07-24,2026-07-25,183,181
184,246,pokemon,Blastoise,s8a-P: Promo Card Pack 25th Anniversary Edition,003/025,160.669558,19399,3116828.755642,2026-07-25,2026-07-24,184,182
185,255,pokemon,Reshiram ex,SV11W: White Flare,168/086,260.248030,11816,3075090.722480,2026-07-24,2026-07-23,185,183
186,254,pokemon,Zapdos ex,SV2a: Pokemon Card 151,204/165,205.467652,14596,2999005.848592,2026-07-24,2026-07-25,186,184
187,264,pokemon,Pikachu,SV-P,120/SV-P,77.567353,37250,2889383.899250,2026-07-24,2026-07-25,187,185
188,265,pokemon,Venusaur,s8a-P: Promo Card Pack 25th Anniversary Edition,002/025,144.327693,19925,2875729.283025,2026-07-24,2026-07-25,188,186
189,260,pokemon,Charmander,SV2a: Pokemon Card 151,168/165,105.382125,26741,2818023.404625,2026-07-24,2026-07-25,189,187
190,249,one-piece,Monkey D Luffy,Weekly Shonen JUMP 2023 36 37 combined issue supplement,P-043,204.056448,13694,2794348.998912,2026-07-25,2026-07-25,190,188
191,252,pokemon,Pikachu VMAX,S8b: VMAX Climax,223/184,267.578960,10435,2792186.447600,2026-07-25,2026-07-25,191,189
192,270,pokemon,Pikachu ex,SV8: Super Electric Breaker,136/106,264.218950,10275,2714849.711250,2026-07-24,2026-07-25,192,190
193,280,pokemon,Mew V,S8: Fusion Arts,106/100,328.000000,8110,2660080.000000,2026-07-25,2026-07-24,193,191
194,282,pokemon,Cynthia's Garchomp ex,SV9a: Heat Wave Arena,087/063,303.421101,8733,2649776.475033,2026-07-24,2026-07-25,194,192
195,253,pokemon,Zekrom ex,SV11B: Black Bolt,169/086,210.000000,12508,2626680.000000,2026-07-25,2026-07-24,195,193
196,266,pokemon,Mew ex,s8a-P: Promo Card Pack 25th Anniversary Edition,014/025,235.200684,11134,2618724.415656,2026-07-24,2026-07-24,196,194
197,276,one-piece,Boa Hancock SR-SPC,Extra Booster ONE PIECE Heroines edition,EB03-026,1634.186572,1550,2532989.186600,2026-07-24,2026-07-24,197,195
198,297,pokemon,M Gengar EX,Promotional Cards White Mega Gengar Campaign Gift For Purchasers of Eligible Products,079/XY-P,1282.301912,1960,2513311.747520,2026-07-24,2026-07-23,198,196
199,267,one-piece,Monkey D Luffy SEC-P,Booster Pack Awakening of the New Era,OP05-119,352.984300,7035,2483244.550500,2026-07-24,2026-07-25,199,197
200,277,pokemon,Pikachu VMAX,S4: Amazing Volt Tackle,114/100,665.892846,3679,2449819.780434,2026-07-24,2026-07-24,200,198
201,292,pokemon,Pikachu VMAX,Pika! Pika! Pikachu! Promotion Card Campaign,123/S-P,409.310282,5985,2449722.037770,2026-07-24,2026-07-25,201,199
202,325,pokemon,Reshiram,s8a-P: Promo Card Pack 25th Anniversary Edition,020/025,153.766266,15799,2429353.236534,2026-07-25,2026-07-24,202,200
203,295,pokemon,Charizard V,S12a: VSTAR Universe,211/172,115.920337,20912,2424126.087344,2026-07-24,2026-07-25,203,201
204,288,pokemon,Pikachu ex,SV8a: Terastal Fest ex,236/187,189.657279,12266,2326336.184214,2026-07-25,2026-07-25,204,202
205,300,pokemon,Zekrom,s8a-P: Promo Card Pack 25th Anniversary Edition,021/025,144.010019,16029,2308336.594551,2026-07-25,2026-07-25,205,203
206,275,pokemon,Pikachu,Pika! Pika! Pikachu! Promotion Card Campaign,124/S-P,189.382369,12118,2294935.547542,2026-07-24,2026-07-25,206,204
207,324,pokemon,Mega Lucario ex,m1L: Mega Brave,088/063,136.495815,16610,2267195.487150,2026-07-24,2026-07-25,207,205
208,320,pokemon,Pikachu,SV4a: Shiny Treasure ex,236/190,219.164274,10234,2242927.180116,2026-07-24,2026-07-24,208,206
209,332,pokemon,Pikachu V,S8b: VMAX Climax,222/184,294.459038,7545,2221693.441710,2026-07-24,2026-07-23,209,207
210,335,pokemon,Cynthia,SM5M: Ultra Moon,070/066,855.275215,2592,2216873.357280,2026-07-25,2026-07-25,210,208
211,337,pokemon,Lusamine,SM4A: Ultradimensional Beasts,055/050,1383.835298,1590,2200298.123820,2026-07-24,2026-07-24,211,209
212,333,pokemon,Gengar,S10a: Dark Phantasma,074/071,103.854848,20769,2156961.338112,2026-07-24,2026-07-25,212,210
213,339,pokemon,Mega Gengar ex,M2a: High Class Pack: MEGA Dream ex,230/193,70.163113,29945,2101034.418785,2026-07-24,2026-07-25,213,211
214,348,pokemon,Carmine,SV6: Transformation Mask,130/101,459.099517,4514,2072375.219738,2026-07-24,2026-07-25,214,212
215,336,pokemon,Meowth,Start Deck Generations Special Battle Set,192/SV-P,144.480420,14041,2028649.577220,2026-07-24,2026-07-25,215,213
216,349,pokemon,Gardevoir EX,CP3: PokeKyun Collection,019/032,909.572973,2215,2014704.135195,2026-07-24,2026-07-24,216,214
217,340,pokemon,Mewtwo V,S10b: Pokemon GO,074/071,262.691673,7482,1965459.097386,2026-07-24,2026-07-23,217,215
218,343,pokemon,Pikachu,S8a: 25th Anniversary Collection,001/028,63.534730,30680,1949245.516400,2026-07-24,2026-07-25,218,216
219,345,pokemon,Pikachu VMAX,S8b: VMAX Climax,279/184,305.455434,6379,1948500.213486,2026-07-25,2026-07-25,219,217
220,344,pokemon,Pikachu,S-P: Sword & Shield Promos,272/S-P,112.926874,17197,1942003.452178,2026-07-24,2026-07-25,220,218
221,350,pokemon,Shadow Rider Calyrex VMAX,S6K: Jet-Black Spirit,086/070,719.042092,2677,1924875.680284,2026-07-24,2026-07-25,221,219
222,351,pokemon,Shining Rayquaza,SM3+: Shining Legends,057/072,901.093530,2022,1822011.117660,2026-07-24,2026-07-23,222,220
223,357,pokemon,Mega Charizard X ex,M2: Inferno X,094/080,95.711406,17909,1714095.570054,2026-07-24,2026-07-25,223,221
224,352,pokemon,Pikachu ex,SV8: Super Electric Breaker,122/106,133.636752,12773,1706942.233296,2026-07-24,2026-07-25,224,222
225,358,pokemon,Pikachu VMAX,Monthly Coro Coro Comic February 2022 issue supplement,265/S-P,97.379192,17421,1696442.903832,2026-07-24,2026-07-25,225,223
226,353,pokemon,Mewtwo,SV2a: Pokemon Card 151,150/165,243.142526,6964,1693244.551064,2026-07-24,2026-07-25,226,224
227,356,pokemon,Roaring Moon ex,SV8a: Terastal Fest ex,218/187,71.476572,23177,1656612.509244,2026-07-25,2026-07-25,227,225
228,359,pokemon,Charizard ex,SV2a: Pokemon Card 151,185/165,114.851243,13466,1546586.838238,2026-07-24,2026-07-24,228,226
229,363,pokemon,Lillie's Determination,m1L: Mega Brave,086/063,131.406928,11605,1524977.399440,2026-07-24,2026-07-24,229,227
230,362,pokemon,Mewtwo EX,s8a-P: Promo Card Pack 25th Anniversary Edition,022/025,149.978618,10166,1524682.630588,2026-07-24,2026-07-25,230,228
231,341,pokemon,Ethan's Ho,SV9a: Heat Wave Arena,086/063,195.000000,7816,1524120.000000,2026-07-25,2026-07-24,231,229
232,364,pokemon,Oricorio ex,M2: Inferno X,111/080,86.340033,17412,1503352.654596,2026-07-25,2026-07-25,232,230
233,369,pokemon,Cynthia,SM8b: GX Ultra Shiny,153/150,347.315047,4243,1473657.744421,2026-07-24,2026-07-25,233,231
234,311,one-piece,Dracule Mihawk SEC-SP Booster Pack THE AZURE SEA'S SEVEN,Comic Parallel,OP14-119,1069.094019,1358,1451829.677802,2026-07-24,2026-07-24,234,232
235,365,pokemon,Dark Gyarados,s8a-P: Promo Card Pack 25th Anniversary Edition,005/025,140.307899,10150,1424125.174850,2026-07-24,2026-07-25,235,233
236,370,pokemon,Mewtwo & Mew GX,SM12a: TAG TEAM GX: Tag All Stars,052/173,164.945934,8311,1370865.657474,2026-07-24,2026-07-24,236,234
237,368,pokemon,Radiant Charizard,S10b: Pokemon GO,011/071,96.377299,14211,1369617.796089,2026-07-24,2026-07-25,237,235
238,374,pokemon,Team Rocket's Moltres ex,SV10: The Glory of Team Rocket,124/098,207.709695,6459,1341596.920005,2026-07-24,2026-07-25,238,236
239,375,pokemon,Mega Dragonite ex,M2a: High Class Pack: MEGA Dream ex,232/193,56.533692,23057,1303497.336444,2026-07-24,2026-07-25,239,237
240,373,pokemon,Psyduck,M2a: High Class Pack: MEGA Dream ex,199/193,78.966339,16396,1294732.094244,2026-07-24,2026-07-25,240,238
241,378,pokemon,Pikachu,Promotional Cards WCS2024 Commemorative Campaign,197/SV-P,60.296903,19719,1188994.630257,2026-07-24,2026-07-25,241,239
242,379,pokemon,Green's Exploration,SM9b: Full Metal Wall,061/054,359.673774,3277,1178650.957398,2026-07-24,2026-07-24,242,240
243,273,pokemon,Haunter,MBG: MEGA Starter Set Mega Gengar ex,022/021,64.512188,18091,1167089.993108,2026-07-24,2026-07-25,243,241
244,381,pokemon,Meowth ex,M3: Nihil Zero,114/080,137.809274,7637,1052449.425538,2026-07-24,2026-07-25,244,242
245,383,pokemon,Rosa's Encouragement,M3: Nihil Zero,115/080,262.691673,3937,1034217.116601,2026-07-24,2026-07-25,245,243
246,380,pokemon,Gengar VMAX,SS: Gengar VMAX High-Class Deck,002/019,122.182174,8395,1025719.350730,2026-07-24,2026-07-25,246,244
247,384,pokemon,Darkrai VSTAR,S12a: VSTAR Universe,228/172,104.239721,9603,1001014.040763,2026-07-25,2026-07-25,247,245
248,389,pokemon,Mega Latias ex,m1S: Mega Symphonia,088/063,78.502047,12071,947598.209337,2026-07-25,2026-07-25,248,246
249,387,pokemon,Mega Gengar ex,MBG: MEGA Starter Set Mega Gengar ex,003/021,36.178142,24616,890561.143472,2026-07-24,2026-07-25,249,247
250,393,pokemon,Pikachu,Promotional Cards SV-P,291/SV-P,50.705602,16364,829746.471128,2026-07-25,2026-07-25,250,248
251,386,pokemon,Rayquaza,S3a: Legendary Heartbeat,056/076,232.146130,3526,818547.254380,2026-07-24,2026-07-25,251,249
252,390,pokemon,Mewtwo,Pokemon TCG Classic: Blastoise,014/032,118.516708,6622,784817.640376,2026-07-24,2026-07-25,252,250
253,392,pokemon,Surfing Pikachu VMAX,S8a: 25th Anniversary Collection,022/028,97.715193,7944,776249.493192,2026-07-24,2026-07-25,253,251
254,391,pokemon,Rayquaza VMAX,S8b: VMAX Climax,284/184,245.384568,3150,772961.389200,2026-07-25,2026-07-25,254,252
255,123,pokemon,Gengar,SV2a: Pokemon Card 151,094/165,118.516708,6212,736225.790096,2026-07-24,2026-07-25,255,253
256,394,pokemon,Surfing Pikachu V,S8a: 25th Anniversary Collection,021/028,97.440283,6332,616991.871956,2026-07-24,2026-07-25,256,254
257,395,pokemon,Mega Zygarde ex,M3: Nihil Zero,117/080,320.728206,1819,583404.606714,2026-07-24,2026-07-24,257,255
