variant_id,canonical_name,set_name,collector_number,blocker,psa10_population,reference_price_usd,has_gemrate_pop_ever,latest_gemrate_pop_date,latest_gemrate_pop
8,Monkey.D.Luffy L,Promotional Card ONE PIECE Card Game x Los Angeles Dodgers,EB02-010,on_board,11350,5000.0,1,2026-07-26,11350
19,Monkey D Luffy,2023 Awakening of the New Era Special Art,ST01-012,on_board,1392,21510.0,1,2026-07-25,1392
22,Monkey.D.Luffy SEC-SP Booster Pack Awakening Of The New Era,Comic Parallel,OP05-119,on_board,2971,9644.58,1,2026-07-26,2971
24,Monkey D. Luffy,2023 Awakening of the New Era Manga Alternate Art,OP05-119,on_board,1126,21000.0,1,2026-07-25,1126
36,Monkey.D.Luffy SEC-SPC 3th Anniversary Special Card Booster Pack A Fist of Divine Speed,Gold Background,OP05-119,on_board,1242,14236.03,1,2026-07-26,1242
42,Monkey.D.Luffy L,Promotional Card BVB x ONE PIECE Matchday 2025,ST13-003,on_board,11000,1898.87,1,2026-07-26,11000
54,Monkey.D.Luffy,Promotional Card ONE PIECE magazine Special Feature Weekly Shonen Jump ONE PIECE 020,ST21-014,on_board,39843,1798.58,1,2026-07-26,39843
56,Monkey.D.Luffy SEC-SP Extra Booster Anime 25th Collection,Comic Parallel,EB02-061,on_board,2314,6595.55,1,2026-07-26,2314
60,Roronoa Zoro,2024 Wings of the Captain Manga Alternate Art,OP06-118,on_board,2584,11000.0,1,2026-07-26,2584
64,Roronoa Zoro SEC-SP Booster Pack Wings Of The Captain,Comic Parallel,OP06-118,on_board,4191,2473.43,1,2026-07-25,4191
71,Nami R-SP Premium Booster One Piece Card The Best,Comic Parallel,OP01-016,on_board,8530,1625.0,1,2026-07-25,8530
78,Nami,2024 Premium Booster the Best Manga Alternate Art,OP01-016,on_board,2664,5500.0,1,2026-07-26,2664
80,Gol D. Roger SEC-GSP,Booster Pack Emperors In The New World,OP09-118,on_board,1338,7500.0,1,2026-07-25,1338
87,Boa Hancock SR-SP Booster Pack The Future After 500 years,Comic Parallel,OP07-051,on_board,4486,2053.05,1,2026-07-25,4486
90,Trafalgar Law,Champion Ship Prize,ST10-010,on_board,1752,6104.1,1,2026-07-26,1752
98,Shanks SEC-SP Booster Pack ROMANCE DAWN,Comic Parallel,OP01-120,on_board,4163,1951.26,1,2026-07-25,4163
102,Shanks SEC-SP Booster Pack ROMANCE DAWN,Comic Parallel,OP01-120,on_board,1504,6700.0,1,2026-07-26,1504
107,Boa Hancock,2024 500 Years In the Future Manga Art,OP07-051,on_board,2446,3250.0,1,2026-07-26,2446
111,Monkey.D.Luff,1st Anniversary Set,ST10-006,on_board,1335,5951.56,1,2026-07-26,1335
112,Monkey.D.Luffy SEC-SPC 3th Anniversary Special Card Booster Pack A Fist of Divine Speed,Silver Background,OP05-119,on_board,1114,7324.99,1,2026-07-25,1114
121,Monkey.D.Luffy SEC-SP Booster Pack Emperors In The New World,Comic Parallel,OP09-119,on_board,2387,2839.87,1,2026-07-24,2387
128,Monkey D. Luffy,2025 A Fist of Divine Speed Manga Alternate Art,OP11-118,on_board,2800,3250.0,1,2026-07-26,2800
132,Boa Hancock,2023 Kingdoms of Intrigue,OP01-078,on_board,2453,3199.0,1,2026-07-25,2453
134,Monkey D. Luffy,2025 Carrying On His Will (Op13) - English Manga Alt. Art Parallel,OP13-118,on_board,1158,8200.0,1,2026-07-26,1158
137,Monkey.D.Luffy SEC-SP Booster Pack CARRYING ON HIS WILL,Comic Parallel,OP13-118,on_board,1807,4150.83,1,2026-07-25,1807
145,Monkey.D.Luffy,Premium Card Collection ONE PIECE DAY'25,P-110,on_board,16593,334.88,1,2026-07-26,16593
150,Monkey.D.Luffy SEC-SP Booster Pack A Fist of Divine Speed,Comic Parallel,OP11-118,on_board,3574,1606.2,1,2026-07-25,3574
157,Roronoa Zoro,Flagship Battle Victory souvenir,OP01-025,on_board,1981,3418.33,1,2026-07-26,1981
163,Monkey D. Luffy,2025 3rd Anniversary! One Piece Card Treasure Campaign Pack,ST21-014,on_board,1217,4700.0,1,2026-07-26,1217
171,Monkey D Luffy,"2024 Emperors In the New World (Op09) - English (Borderless, Manga Art) Alt Art",OP09-119,pop_below_1000,976,6200.0,1,2026-07-24,976
188,Portgas D. Ace,2023 Japanese Manga Art,OP02-013,on_board,1510,3999.99,1,2026-07-26,1510
192,Sanji,2025 Premium Booster: the Best Vol.2 (Prb-02) - English Manga Alt. Art Parallel (En Above Japan On Border),OP06-119,on_board,1041,5700.0,1,2026-07-25,1041
197,Nami,2025 Card Game Promo Championship Offline Regionals Top  Prize,OP09-050,pop_below_1000,999,5103.77,1,2026-07-25,999
234,Sanji SEC-SP Premium Booster One Piece Card The Best vol.2,Comic Parallel,OP06-119,on_board,2110,1581.78,1,2026-07-26,2110
240,Monkey.D.Luffy,Promotional Card Flagship Battle Winner's Memento,ST21-014,on_board,1208,4000.0,1,2026-07-26,1208
249,Monkey D Luffy,Weekly Shonen JUMP 2023 36 37 combined issue supplement,P-043,on_board,13694,204.92,1,2026-07-25,13694
267,Monkey D Luffy SEC-P,Booster Pack Awakening of the New Era,OP05-119,on_board,7125,381.7,1,2026-07-26,7125
276,Boa Hancock SR-SPC,Extra Booster ONE PIECE Heroines edition,EB03-026,on_board,1571,1618.42,1,2026-07-26,1571
306,Uta SEC-SP Extra Booster ONE PIECE Heroines edition,Comic Parallel,EB03-061,on_board,1538,1294.43,1,2026-07-24,1538
311,Dracule Mihawk SEC-SP Booster Pack THE AZURE SEA'S SEVEN,Comic Parallel,OP14-119,on_board,1374,1260.0,1,2026-07-26,1374
589,Uta,One Piece Awakening of the New Era,OP02-120,no_current_price_in_2d_window,2151,,1,2026-07-25,2151
590,Kaido,One Piece Awakening of the New Era,OP04-044,no_current_price_in_2d_window,1875,,1,2026-07-25,1875
601,Charlotte Pudding,One Piece Two Legends,OP03-112,no_current_price_in_2d_window,1517,,1,2026-07-25,1517
602,Sanji,One Piece Royal Blood,ST14-003,no_current_price_in_2d_window,1165,,1,2026-07-25,1165
712,Nico Robin,One Piece Legacy of the Master,OP12-087,no_current_price_in_2d_window,1428,,1,2026-07-25,1428
713,Portgas D. Ace,One Piece Legacy of the Master,ST13-011,no_current_price_in_2d_window,2011,,1,2026-07-25,2011
714,Tashigi,One Piece Legacy of the Master,OP06-050,no_current_price_in_2d_window,1166,,1,2026-07-25,1166
715,Roronoa Zoro,One Piece Legacy of the Master,OP12-020,no_current_price_in_2d_window,1915,,1,2026-07-25,1915
716,Yasopp,One Piece Legacy of the Master,OP09-013,no_current_price_in_2d_window,1089,,1,2026-07-25,1089
753,Portgas D. Ace,One Piece Paramount War,OP02-013,no_current_price_in_2d_window,1505,,1,2026-07-25,1505
781,Zeus,One Piece A Fist of Divine Speed,OP11-106,no_current_price_in_2d_window,1074,,1,2026-07-25,1074
878,Monkey D. Luffy (Error),One Piece 500 Years in the Future,OP07-109,no_current_price_in_2d_window,1366,,1,2026-07-25,1366
941,Monkey D. Luffy,One Piece Emperors in the New World,OP09-061,no_current_price_in_2d_window,2607,,1,2026-07-25,2607
942,Gol D. Roger,One Piece Emperors in the New World,OP09-118,no_current_price_in_2d_window,1377,,1,2026-07-25,1377
952,Shanks,One Piece Romance Dawn,OP01-120,no_current_price_in_2d_window,1501,,1,2026-07-25,1501
953,Boa Hancock,One Piece Romance Dawn,OP01-078,no_current_price_in_2d_window,1840,,1,2026-07-25,1840
954,Monkey D. Luffy,One Piece Carrying On His Will,OP11-058,no_current_price_in_2d_window,4696,,1,2026-07-25,4696
955,Gol D. Roger,One Piece Carrying On His Will,OP09-118,no_current_price_in_2d_window,1482,,1,2026-07-25,1482
956,Sabo,One Piece Carrying On His Will,OP13-120,no_current_price_in_2d_window,1646,,1,2026-07-25,1646
957,Sabo,One Piece Carrying On His Will,OP07-118,no_current_price_in_2d_window,1274,,1,2026-07-25,1274
958,DON!! Card (Gold),One Piece Carrying On His Will,UNKNOWN,no_current_price_in_2d_window,1966,,1,2026-07-25,1966
1196,Nami,One Piece Pillars of Strength,OP03-040,no_current_price_in_2d_window,1237,,1,2026-07-25,1237
1197,Monkey D. Luffy,One Piece Pillars of Strength,ST01-012,no_current_price_in_2d_window,1430,,1,2026-07-25,1430
1198,Sogeking,One Piece Pillars of Strength,OP03-122,no_current_price_in_2d_window,1060,,1,2026-07-25,1060
1199,Yamato,One Piece Awakening of the New Era,OP01-121,no_current_price_in_2d_window,2050,,1,2026-07-25,2050
1200,Enel,One Piece Awakening of the New Era,OP05-098,no_current_price_in_2d_window,1244,,1,2026-07-25,1244
1201,"Eustass \""Captain\"" Kid",One Piece Awakening of the New Era,OP05-074,no_current_price_in_2d_window,1062,,1,2026-07-25,1062
1202,Enel,One Piece Awakening of the New Era,OP05-100,no_current_price_in_2d_window,1751,,1,2026-07-25,1751
1203,Nami,One Piece Awakening of the New Era,OP01-016,no_current_price_in_2d_window,2983,,1,2026-07-25,2983
1204,Monkey D. Luffy,One Piece Awakening of the New Era,OP05-119,no_current_price_in_2d_window,4496,,1,2026-07-25,4496
1205,Rob Lucci,One Piece Awakening of the New Era,OP03-092,no_current_price_in_2d_window,1397,,1,2026-07-25,1397
1206,Sakazuki,One Piece Awakening of the New Era,OP05-041,no_current_price_in_2d_window,1059,,1,2026-07-25,1059
1207,Sabo,One Piece Awakening of the New Era,OP05-001,no_current_price_in_2d_window,1005,,1,2026-07-25,1005
1208,Tashigi,One Piece Two Legends,ST06-006,no_current_price_in_2d_window,1308,,1,2026-07-25,1308
1209,Monkey D. Luffy,One Piece Two Legends,OP07-109,no_current_price_in_2d_window,3919,,1,2026-07-25,3919
1210,Jewelry Bonney,One Piece Two Legends,ST02-007,no_current_price_in_2d_window,1840,,1,2026-07-25,1840
1211,Uso-Hachi,One Piece Royal Blood,ST18-001,no_current_price_in_2d_window,1040,,1,2026-07-25,1040
1212,Monkey D. Luffy,One Piece Royal Blood,OP10-118,no_current_price_in_2d_window,1480,,1,2026-07-25,1480
1213,Edward Newgate,One Piece Royal Blood,ST15-002,no_current_price_in_2d_window,1974,,1,2026-07-25,1974
1214,Portgas D. Ace,One Piece Royal Blood,OP08-052,no_current_price_in_2d_window,1775,,1,2026-07-25,1775
1216,Vinsmoke Sanji,One Piece Legacy of the Master,OP10-063,no_current_price_in_2d_window,1648,,1,2026-07-25,1648
1217,Kuzan,One Piece Legacy of the Master,OP10-082,no_current_price_in_2d_window,1204,,1,2026-07-25,1204
1218,Boeuf Burst,One Piece Legacy of the Master,OP12-060,no_current_price_in_2d_window,2523,,1,2026-07-25,2523
1219,Jewelry Bonney,One Piece Legacy of the Master,OP12-118,no_current_price_in_2d_window,1397,,1,2026-07-25,1397
1220,Zoro-Juurou,One Piece Legacy of the Master,ST18-004,no_current_price_in_2d_window,2279,,1,2026-07-25,2279
1221,Bartholomew Kuma,One Piece Legacy of the Master,OP12-119,no_current_price_in_2d_window,1379,,1,2026-07-25,1379
1222,Nami,One Piece A Fist of Divine Speed,OP11-041,no_current_price_in_2d_window,1785,,1,2026-07-25,1785
1223,Monkey D. Luffy,One Piece A Fist of Divine Speed,OP11-040,no_current_price_in_2d_window,1595,,1,2026-07-25,1595
1224,Shanks,One Piece A Fist of Divine Speed,ST16-004,no_current_price_in_2d_window,1561,,1,2026-07-25,1561
1225,Stussy,One Piece A Fist of Divine Speed,OP07-085,no_current_price_in_2d_window,1522,,1,2026-07-25,1522
1226,Gum-Gum Fire-Fist Pistol Red Hawk,One Piece A Fist of Divine Speed,OP11-114,no_current_price_in_2d_window,2508,,1,2026-07-25,2508
1227,Monkey D. Luffy,One Piece A Fist of Divine Speed,OP11-118,no_current_price_in_2d_window,1142,,1,2026-07-25,1142
1228,Lucky Roux,One Piece A Fist of Divine Speed,OP09-015,no_current_price_in_2d_window,1125,,1,2026-07-25,1125
1229,Silvers Rayleigh,One Piece A Fist of Divine Speed,OP09-005,no_current_price_in_2d_window,1125,,1,2026-07-25,1125
1230,Nami,One Piece A Fist of Divine Speed,OP11-054,no_current_price_in_2d_window,1120,,1,2026-07-25,1120
1231,Honesty Impact,One Piece A Fist of Divine Speed,OP11-018,no_current_price_in_2d_window,2156,,1,2026-07-25,2156
1232,Sanji,One Piece A Fist of Divine Speed,OP06-119,no_current_price_in_2d_window,1630,,1,2026-07-25,1630
1234,Boa Hancock,One Piece 500 Years in the Future,OP07-051,no_current_price_in_2d_window,1232,,1,2026-07-25,1232
1235,Donquixote Doflamingo,One Piece 500 Years in the Future,OP01-073,no_current_price_in_2d_window,1001,,1,2026-07-25,1001
1236,Nami,One Piece the Azure Sea's Seven,OP14-031,no_current_price_in_2d_window,1642,,1,2026-07-25,1642
1237,Dracule Mihawk,One Piece the Azure Sea's Seven,OP12-030,no_current_price_in_2d_window,1174,,1,2026-07-25,1174
1238,Roronoa Zoro,One Piece the Azure Sea's Seven,PRB02-006,no_current_price_in_2d_window,2391,,1,2026-07-25,2391
1239,Boa Hancock,One Piece the Azure Sea's Seven,OP14-041,no_current_price_in_2d_window,1698,,1,2026-07-25,1698
1240,Ground Death,One Piece the Azure Sea's Seven,OP14-096,no_current_price_in_2d_window,1208,,1,2026-07-25,1208
1241,Ms. All Sunday,One Piece the Azure Sea's Seven,OP14-084,no_current_price_in_2d_window,1068,,1,2026-07-25,1068
1242,Shanks,One Piece Emperors in the New World,OP09-001,no_current_price_in_2d_window,1321,,1,2026-07-25,1321
1243,Zoro-Juurou,One Piece Emperors in the New World,ST18-004,no_current_price_in_2d_window,2614,,1,2026-07-25,2614
1244,Zoro-Juurou,One Piece Emperors in the New World,OP05-067,no_current_price_in_2d_window,1754,,1,2026-07-25,1754
1245,Marshall D. Teach,One Piece Emperors in the New World,OP09-093,no_current_price_in_2d_window,1872,,1,2026-07-25,1872
1246,Monkey D. Luffy,One Piece Emperors in the New World,OP09-119,no_current_price_in_2d_window,1514,,1,2026-07-25,1514
1247,Shanks,One Piece Emperors in the New World,OP09-004,no_current_price_in_2d_window,2124,,1,2026-07-25,2124
1248,Monkey D. Luffy,One Piece Emperors in the New World,OP05-119,no_current_price_in_2d_window,2972,,1,2026-07-25,2972
1249,Monkey D. Dragon,One Piece Emperors in the New World,OP07-015,no_current_price_in_2d_window,1048,,1,2026-07-25,1048
1250,Nico Robin,One Piece Emperors in the New World,OP09-062,no_current_price_in_2d_window,1093,,1,2026-07-25,1093
1251,Yamato,One Piece Romance Dawn,OP01-121,no_current_price_in_2d_window,1060,,1,2026-07-25,1060
1252,Donquixote Doflamingo,One Piece Romance Dawn,OP01-060,no_current_price_in_2d_window,1078,,1,2026-07-25,1078
1253,Nami,One Piece Romance Dawn,OP01-016,no_current_price_in_2d_window,1752,,1,2026-07-25,1752
1254,Monkey D. Luffy (Errata),One Piece Romance Dawn,OP01-003,no_current_price_in_2d_window,1032,,1,2026-07-25,1032
1255,Roronoa Zoro,One Piece Romance Dawn,OP01-025,on_board,1729,4150.83,1,2026-07-25,1729
1271,Monkey D. Luffy,One Piece Carrying On His Will,OP09-119,no_current_price_in_2d_window,2099,,1,2026-07-25,2099
1272,Divine Departure,One Piece Carrying On His Will,OP13-076,no_current_price_in_2d_window,2283,,1,2026-07-25,2283
1273,Monkey D. Luffy,One Piece Carrying On His Will,OP13-001,no_current_price_in_2d_window,2488,,1,2026-07-25,2488
1274,Portgas D. Ace,One Piece Carrying On His Will,EB02-028,no_current_price_in_2d_window,1545,,1,2026-07-25,1545
1275,Gol D. Roger,One Piece Carrying On His Will,OP13-003,no_current_price_in_2d_window,1255,,1,2026-07-25,1255
1276,Ace & Sabo & Luffy,One Piece Carrying On His Will,OP13-007,no_current_price_in_2d_window,1458,,1,2026-07-25,1458
1277,Portgas D. Ace,One Piece Carrying On His Will,OP13-002,no_current_price_in_2d_window,1131,,1,2026-07-25,1131
1278,Imu,One Piece Carrying On His Will,OP13-079,no_current_price_in_2d_window,1044,,1,2026-07-25,1044
1279,Boa Hancock,One Piece Carrying On His Will,OP13-051,no_current_price_in_2d_window,1620,,1,2026-07-25,1620
1280,Sabo,One Piece Kingdoms of Intrigue,OP04-083,no_current_price_in_2d_window,1627,,1,2026-07-25,1627
1281,Trafalgar Law,One Piece Kingdoms of Intrigue,OP01-047,no_current_price_in_2d_window,1315,,1,2026-07-25,1315
1282,Donquixote Doflamingo,One Piece Kingdoms of Intrigue,OP04-019,no_current_price_in_2d_window,1085,,1,2026-07-25,1085
1299,O-Nami,One Piece Wings of the Captain,OP06-101,no_current_price_in_2d_window,1384,,1,2026-07-25,1384
1300,Nami,One Piece Wings of the Captain,ST01-007,no_current_price_in_2d_window,4601,,1,2026-07-25,4601
1301,Perona,One Piece Wings of the Captain,OP06-021,no_current_price_in_2d_window,1021,,1,2026-07-25,1021
1302,Rebecca,One Piece Wings of the Captain,OP05-091,no_current_price_in_2d_window,1550,,1,2026-07-25,1550
1303,Ms. All Sunday,One Piece Wings of the Captain,OP04-064,no_current_price_in_2d_window,1528,,1,2026-07-25,1528
1304,Buggy,One Piece Wings of the Captain,OP03-008,no_current_price_in_2d_window,1329,,1,2026-07-25,1329
1309,Nefeltari Vivi,One Piece Kingdoms of Intrigue,OP04-001,no_current_price_in_2d_window,1345,,1,2026-07-25,1345
1424,Monkey D. Luffy (1st Anniversary),One Piece Awakening of the New Era,ST01-012,no_current_price_in_2d_window,5440,,1,2026-07-25,5440
1425,Monkey D. Luffy,One Piece Awakening of the New Era,OP05-060,no_current_price_in_2d_window,2389,,1,2026-07-25,2389
1426,Nami,One Piece Two Legends,OP08-106,no_current_price_in_2d_window,1242,,1,2026-07-25,1242
1427,Portgas D. Ace,One Piece Two Legends,OP02-013,no_current_price_in_2d_window,2087,,1,2026-07-25,2087
1428,Silvers Rayleigh,One Piece Two Legends,OP08-118,no_current_price_in_2d_window,1988,,1,2026-07-25,1988
1429,Divine Departure,One Piece Royal Blood,OP10-019,no_current_price_in_2d_window,1868,,1,2026-07-25,1868
1430,Trafalgar Law,One Piece Royal Blood,OP10-119,no_current_price_in_2d_window,2104,,1,2026-07-25,2104
1436,Demon Aura Nine Sword Style Asura Blades Drawn Dead Man's Game,One Piece Legacy of the Master,OP12-037,no_current_price_in_2d_window,3288,,1,2026-07-25,3288
1437,Nami,One Piece Paramount War,OP02-036,no_current_price_in_2d_window,1323,,1,2026-07-25,1323
1438,Shirahoshi,One Piece A Fist of Divine Speed,EB01-057,no_current_price_in_2d_window,1613,,1,2026-07-25,1613
1439,Luffy-Tarou,One Piece A Fist of Divine Speed,ST18-005,no_current_price_in_2d_window,2379,,1,2026-07-25,2379
1440,Gear Two,One Piece A Fist of Divine Speed,OP11-080,no_current_price_in_2d_window,4800,,1,2026-07-25,4800
1441,O-Nami,One Piece 500 Years in the Future,OP06-101,no_current_price_in_2d_window,2276,,1,2026-07-25,2276
1442,Boa Hancock,One Piece 500 Years in the Future,OP07-038,no_current_price_in_2d_window,2363,,1,2026-07-25,2363
1443,Dracule Mihawk,One Piece the Azure Sea's Seven,OP14-119,on_board,2375,1200.0,1,2026-07-25,2375
1444,You'll Frighten Me...,One Piece the Azure Sea's Seven,OP14-118,no_current_price_in_2d_window,2125,,1,2026-07-25,2125
1445,Monkey D. Luffy,One Piece Emperors in the New World,OP09-119,no_current_price_in_2d_window,2000,,1,2026-07-25,2000
1446,Buggy,One Piece Emperors in the New World,OP09-051,no_current_price_in_2d_window,1787,,1,2026-07-25,1787
1447,Boa Hancock,One Piece Emperors in the New World,OP07-051,no_current_price_in_2d_window,1839,,1,2026-07-25,1839
1448,Nami,One Piece Emperors in the New World,OP08-106,no_current_price_in_2d_window,2100,,1,2026-07-25,2100
1449,Roronoa Zoro,One Piece Romance Dawn,OP01-001,no_current_price_in_2d_window,1457,,1,2026-07-25,1457
1450,Nami (Errata),One Piece Romance Dawn,OP01-016,no_current_price_in_2d_window,2114,,1,2026-07-25,2114
1451,Monkey D. Luffy,One Piece Romance Dawn,OP01-024,no_current_price_in_2d_window,1637,,1,2026-07-25,1637
1452,Rebecca,One Piece Kingdoms of Intrigue,OP04-039,no_current_price_in_2d_window,1420,,1,2026-07-25,1420
1453,Yamato,One Piece Wings of the Captain,OP06-022,no_current_price_in_2d_window,1532,,1,2026-07-25,1532
1457,Monkey D. Luffy,One Piece Awakening of the New Era,OP05-119,no_current_price_in_2d_window,3292,,1,2026-07-25,3292
1459,Jewelry Bonney,One Piece Legacy of the Master,OP12-118,no_current_price_in_2d_window,2375,,1,2026-07-25,2375
1461,Jewelry Bonney,One Piece 500 Years in the Future,OP07-019,no_current_price_in_2d_window,1003,,1,2026-07-25,1003
1462,Boa Hancock,One Piece the Azure Sea's Seven,OP14-112,no_current_price_in_2d_window,1782,,1,2026-07-25,1782
1463,Boa Hancock,One Piece the Azure Sea's Seven,OP14-112,on_board,1153,586.0,1,2026-07-25,1153
1464,Portgas D. Ace (Error),One Piece Carrying On His Will,OP13-119,no_current_price_in_2d_window,2095,,1,2026-07-25,2095
1465,Monkey D. Luffy,One Piece Carrying On His Will,OP13-118,no_current_price_in_2d_window,4085,,1,2026-07-25,4085
1466,Monkey D. Luffy,One Piece Carrying On His Will,OP13-118,on_board,1977,750.0,1,2026-07-25,1977
1467,Portgas D. Ace,One Piece Carrying On His Will,OP13-119,no_current_price_in_2d_window,2217,,1,2026-07-25,2217
1468,Monkey D. Luffy,One Piece Carrying On His Will,OP13-118,no_current_price_in_2d_window,1876,,1,2026-07-25,1876
1479,Roronoa Zoro,One Piece Wings of the Captain,OP06-118,no_current_price_in_2d_window,1896,,1,2026-07-25,1896
1480,Roronoa Zoro,One Piece Wings of the Captain,OP06-118,no_current_price_in_2d_window,1783,,1,2026-07-25,1783
1492,Zoro-Juurou,One Piece Awakening of the New Era,OP05-067,no_current_price_in_2d_window,867,,1,2026-07-26,867
1493,Trafalgar Law,One Piece Awakening of the New Era,OP05-069,no_current_price_in_2d_window,875,,1,2026-07-26,875
1494,Rebecca,One Piece Awakening of the New Era,OP05-091,no_current_price_in_2d_window,876,,1,2026-07-26,876
1499,Nami,One Piece Two Legends,OP08-106,no_current_price_in_2d_window,7,,1,2026-07-26,7
1500,Tony Tony Chopper,One Piece Two Legends,OP08-001,no_current_price_in_2d_window,995,,1,2026-07-26,995
1501,Gecko Moria,One Piece Two Legends,ST03-004,no_current_price_in_2d_window,983,,1,2026-07-26,983
1502,Queen,One Piece Two Legends,ST04-005,no_current_price_in_2d_window,889,,1,2026-07-25,889
1503,Silvers Rayleigh,One Piece Two Legends,OP08-118,no_current_price_in_2d_window,944,,1,2026-07-26,944
1504,Charlotte Pudding,One Piece Royal Blood,ST12-012,no_current_price_in_2d_window,878,,1,2026-07-25,878
1521,Boa Hancock,One Piece Legacy of the Master,OP12-014,no_current_price_in_2d_window,901,,1,2026-07-26,901
1522,Monkey D. Luffy,One Piece Legacy of the Master,OP12-015,no_current_price_in_2d_window,898,,1,2026-07-25,898
1523,Silvers Rayleigh,One Piece Legacy of the Master,OP12-001,no_current_price_in_2d_window,972,,1,2026-07-25,972
1524,Lim,One Piece Legacy of the Master,OP09-037,no_current_price_in_2d_window,917,,1,2026-07-26,917
1525,Portgas D. Ace,One Piece Paramount War,OP02-013,no_current_price_in_2d_window,956,,1,2026-07-25,956
1526,Boa Hancock (Box Topper),One Piece Paramount War,OP02-059,no_current_price_in_2d_window,923,,1,2026-07-25,923
1535,Portgas D. Ace,One Piece 500 Years in the Future,OP07-119,no_current_price_in_2d_window,940,,1,2026-07-25,940
1536,Vegapunk,One Piece 500 Years in the Future,OP07-097,no_current_price_in_2d_window,891,,1,2026-07-26,891
1537,Perona,One Piece the Azure Sea's Seven,OP06-093,no_current_price_in_2d_window,963,,1,2026-07-25,963
1538,Kid & Killer,One Piece the Azure Sea's Seven,EB01-003,no_current_price_in_2d_window,920,,1,2026-07-25,920
1539,"Eustass \""Captain\"" Kid",One Piece the Azure Sea's Seven,EB04-039,no_current_price_in_2d_window,891,,1,2026-07-25,891
1546,Buggy,One Piece Emperors in the New World,OP09-042,no_current_price_in_2d_window,895,,1,2026-07-26,895
1547,Marshall D. Teach,One Piece Emperors in the New World,OP09-081,no_current_price_in_2d_window,919,,1,2026-07-26,919
1548,Donquixote Rosinante,One Piece Emperors in the New World,OP04-119,no_current_price_in_2d_window,911,,1,2026-07-25,911
1549,Rob Lucci,One Piece Emperors in the New World,OP05-093,no_current_price_in_2d_window,859,,1,2026-07-26,859
1550,Nami,One Piece Emperors in the New World,OP09-050,no_current_price_in_2d_window,884,,1,2026-07-25,884
1551,Nico Robin,One Piece Emperors in the New World,OP09-107,no_current_price_in_2d_window,968,,1,2026-07-25,968
1552,Shanks,One Piece Emperors in the New World,OP09-004,no_current_price_in_2d_window,920,,1,2026-07-25,920
1553,Marshall D. Teach,One Piece Emperors in the New World,OP09-093,no_current_price_in_2d_window,879,,1,2026-07-26,879
1554,St. Ethanbaron V. Nusjuro,One Piece Carrying On His Will,OP13-080,no_current_price_in_2d_window,884,,1,2026-07-25,884
1555,St. Jaygarcia Saturn,One Piece Carrying On His Will,OP13-083,no_current_price_in_2d_window,904,,1,2026-07-26,904
1556,Stussy,One Piece Carrying On His Will,OP13-110,no_current_price_in_2d_window,984,,1,2026-07-26,984
1557,Sabo,One Piece Carrying On His Will,OP13-004,no_current_price_in_2d_window,887,,1,2026-07-26,887
1558,Sabo (Super),One Piece Carrying On His Will,OP13-120,no_current_price_in_2d_window,917,,1,2026-07-25,917
1559,St. Marcus Mars,One Piece Carrying On His Will,OP13-091,no_current_price_in_2d_window,932,,1,2026-07-25,932
1560,St. Ethanbaron V. Nusjuro,One Piece Carrying On His Will,OP13-080,no_current_price_in_2d_window,932,,1,2026-07-26,932
1561,St. Topman Warcury,One Piece Carrying On His Will,OP13-089,no_current_price_in_2d_window,930,,1,2026-07-26,930
1562,St. Marcus Mars,One Piece Carrying On His Will,OP13-091,no_current_price_in_2d_window,948,,1,2026-07-26,948
1563,Sabo,One Piece Carrying On His Will,OP13-120,no_current_price_in_2d_window,949,,1,2026-07-25,949
1564,Smoker,One Piece Carrying On His Will,OP10-030,no_current_price_in_2d_window,985,,1,2026-07-25,985
1565,Portgas D. Ace (Super),One Piece Carrying On His Will,OP13-119,pop_below_1000,971,2169.04,1,2026-07-26,971
1566,Yamato,One Piece Carrying On His Will,OP13-054,no_current_price_in_2d_window,918,,1,2026-07-26,918
1567,St. Shepherd Ju Peter,One Piece Carrying On His Will,OP13-084,no_current_price_in_2d_window,888,,1,2026-07-25,888
1568,Lilith,One Piece Carrying On His Will,OP07-111,no_current_price_in_2d_window,1014,,1,2026-07-26,1014
1569,St. Shepherd Ju Peter,One Piece Carrying On His Will,OP13-084,no_current_price_in_2d_window,880,,1,2026-07-25,880
1573,Edward Newgate,One Piece Kingdoms of Intrigue,OP02-004,no_current_price_in_2d_window,972,,1,2026-07-26,972
1584,Charlotte Linlin,One Piece Wings of the Captain,OP03-114,no_current_price_in_2d_window,933,,1,2026-07-25,933
1585,Sanji,One Piece Wings of the Captain,OP06-119,no_current_price_in_2d_window,966,,1,2026-07-25,966
1586,Uta,One Piece Wings of the Captain,OP06-001,no_current_price_in_2d_window,959,,1,2026-07-26,959
1587,Perona,One Piece Wings of the Captain,OP06-093,no_current_price_in_2d_window,905,,1,2026-07-25,905
1588,Vinsmoke Reiju,One Piece Wings of the Captain,OP06-042,no_current_price_in_2d_window,936,,1,2026-07-25,936
1589,Sugar,One Piece Wings of the Captain,OP04-024,no_current_price_in_2d_window,899,,1,2026-07-25,899
1590,Vinsmoke Reiju,One Piece Wings of the Captain,OP06-069,no_current_price_in_2d_window,886,,1,2026-07-25,886
